series_description,frequency,cleaned_series_names,comment,
trufi_2-chamber_iPAT,697,2CH_no_cine,,
trufi_loc_multi_iPAT,697,,X,
trufi_loc_multi_iPAT@c,696,,X,
TI_scout_2cycles,696,,X,
trufi_shortaxis_iPAT,695,SAX_no_cine,,
tf2d15_retro-triggered,441,SAX,,
tfl2d_25_2_cycles_PSIR,289,LGE_SAX,,
tfl2d_25_2_cycles_MAG,289,LGE_SAX,,tfl2d_25_2_cycles_MAG
LVF,258,,X,
cine_retro-triggered_SAX,236,SAX,,
trufi_loc_multi_iPAT2,222,,X,
trufi_shortaxis_iPAT2,220,SAX_no_cine,,
trufi_loc_multi_iPAT2@c,220,,X,
trufi_2-chamber_iPAT2,220,2CH_no_cine,,
cine_retro-triggered,173,SAX,also includes other views (2 3 4 chamber),
cine_retro-triggered_4CH,160,4CH,,
lge_2_cycles_MAG,148,LGE_SAX,,
lge_2_cycles_PSIR,148,LGE_SAX,,
cine_retro-triggered_3CH,146,3CH,,
lge_2_cycles_4CH_MAG,141,LGE_4CH,,
lge_2_cycles_SAX_PSIR,141,LGE_SAX,,
lge_2_cycles_4CH_PSIR,141,LGE_4CH,,
lge_2_cycles_SAX_MAG,141,LGE_SAX,,
cine_retro-triggered_2CH,138,2CH,,
lge_2_cycles_3CH_MAG,133,LGE_3CH,,
fl2_Venc150_tp_retro_@c,133,,X,
fl2_Venc150_tp_retro_@c_P,133,,X,
lge_2_cycles_2CH_PSIR,132,LGE_2CH,,
lge_2_cycles_2CH_MAG,132,LGE_2CH,,
lge_2_cycles_3CH_PSIR,132,LGE_3CH,,
lge_2_cycles_LAX_PSIR,127,LGE_LAX,,
lge_2_cycles_LAX_MAG,127,LGE_LAX,,
loc_2-chamber,123,,X,
localizer_multi,123,,X,
gre_epi_3sl_Tgrappa2,122,,X,
cine_retro-triggered_LAX,122,LAX,,
loc_short-axis,122,,X,
FLOW_tp_retro_bh_@c,102,,x,
FLOW_tp_retro_bh_@c_P,102,,X,
FLOW_tp_retro_@c,99,,X,
FLOW_tp_retro_@c_P,99,,X,
lge_single-shot_11sl_iPAT_PSIR,96,LGE_SAX,,
lge_single-shot_11sl_iPAT_MAG,96,LGE_SAX,,
cine_pro-triggered,91,SAX,,
first_pass_epi_3sl_T-PAT_kwantitieve_perfusie,90,,X,
first_pass_epi_3sl_T-PAT_kwantitieve_perfusie_MAP_SLOPE,90,,X,
first_pass_epi_3sl_T-PAT_kwantitieve_perfusie_MOCO_NORM,90,,X,
first_pass_epi_3sl_T-PAT_kwantitieve_perfusie_AIF,90,,X,
TI_scout_1cycle,78,,X,
tf2d15_PRO-triggered,77,SAX,,
tirm_15_db_t2,76,,X,
lge_single-shot_5sl_iPAT_PSIR,75,LGE_SAX,,
lge_single-shot_5sl_iPAT_MAG,75,LGE_SAX,,
cine_pro-triggered_SAX,71,SAX,,
TI-Scout_2-Cycle,68,,X,
3-pl_Loc_Fiesta,60,,X,
T1_mapping_MOLLI_IR3_3+3+5_TImin100_MOCO_T1,60,,X,
T1_mapping_MOLLI_IR3_3+3+5_TImin100,60,,X,
T1_mapping_MOLLI_IR3_3+3+5_TImin100_MOCO,60,,X,
Calibration_Scan_BH,60,,X,
tfl2d_25_1_cycle,59,LGE_SAX,,
3-pl_Loc_Fiesta_SAX,58,,X,
3-pl_Loc_Fiesta_2CH,58,,X,
SAX_Fiesta_gated_Asset,57,SAX,,
LAX_Fiesta_gated_Asset,57,LAX,,
Deformation_Matrix_F,56,,X,
Strain_Lambda_2,56,,X,
Tagging_Magnitude,56,,X,
fl5_Venc_75_tp_retro_bh_@c,53,,X,
fl5_Venc_75_tp_retro_bh_@c_P,53,,X,
tfi_psir_single-shot_5sl_iPAT_MAG,51,LGE_SAX,,
tfi_psir_single-shot_5sl_iPAT_PSIR,51,LGE_SAX,,
tfl2d_25_t1_2cycles,51,LGE_SAX,,
ShortMolli_SAX,48,,X,
Ao_flow,47,,X,
stir_t2_SAX,47,T2_SAX,,
stir_t2,44,,X,
stir_t2_4CH,44,T2_4CH,X,
lvf,42,,X,
stir_t2_2CH,41,T2_2CH,X,
stir_t2_3CH,40,T2_3CH,X,
trufi_singleshot_15sl_iPAT2,37,,X,
LAX_LGE___2D_MDE,35,LGE_LAX,,
SAX_LGE___2D_MDE,35,LGE_SAX,,
fl5_Venc_150_tp_retro_bh_@c_P,34,,X,
fl5_Venc_150_tp_retro_bh_@c,34,,X,
fl2_Venc100_tp_retro_@c_P,33,,X,
fl2_Venc100_tp_retro_@c,33,,X,
flash_aorta_retrospective_P,31,,X,
flash_aorta_retrospective,31,,X,
tf2d8_high_temp_resol,31,,X,
fl4_Venc_30_tp_retro_bh_@c,30,,X,
fl4_Venc_30_tp_retro_bh_@c_P,30,,X,
trufi_15sl_AX,29,,check: like trufi SAX but horizontal slices,
tfl2d_25_t1_ph_sens_2_cycl_PSIR,28,LGE_SAX,,
tfl2d_25_t1_ph_sens_2_cycl,28,LGE_SAX,,
tf2d15_retro-triggered_WIP,27,SAX,,
tse_9_db_t1,27,,X,
lge_single-shot_SAX_PSIR,26,LGE_SAX,,
lge_single-shot_SAX_MAG,26,LGE_SAX,,
fl2d4_retro_TR13_MBH,25,,X,
cine_pro-triggered_LAX,25,LAX,,
lge_2_cycles_sax_PSIR,25,LGE_SAX,,
stir_t2_LAX,25,,X,
lge_2_cycles_sax_MAG,25,LGE_SAX,,
tfi_single-shot_msl,25,,X,removed
SURVEY,23,,X,
tfi2d_single-shot_ph_sens,23,LGE_SAX,,
tfi2d_single-shot_ph_sens_PSIR,23,LGE_SAX,,
cine_pro-triggered_2CH,22,2CH,,
cine_pro-triggered_3CH,22,3CH,,
cine_pro-triggered_4CH,22,4CH,,
fl5_Venc_100_tp_retro_bh_@c,20,,X,
LVEF,20,,X,
fl5_Venc_100_tp_retro_bh_@c_P,20,,X,
define_lax_2ch_3ch_4ch,19,,X,
define_sax,19,,X,
tf2d15_pro-triggered,19,SAX,,
Lambda2,18,,X,
AAheart_scout,18,,X,
localizer,18,,X,
trufi_short-axis,18,SAX,,
MatrixF,18,,X,
harm,18,,X,
trufi_loc_multi,18,,X,
trufi_2-chamber,18,2CH,,
Ao-flow,18,,X,
SURVEY_SAX,17,,X,
lge_single-shot_LAX_MAG,17,LGE_LAX,,
lvef,17,,X,
SURVEY_LAX,17,,X,
lge_single-shot_LAX_PSIR,17,LGE_LAX,,
T2_mapping_TFI__2D_4trigpulse,16,,X,
flash_aorta_BH,16,,X,
trufi_15sl,16,,X,
tfi2d4_retro_TR15_MBH,16,,X,
flash_aorta_BH_P,16,,X,
T2_mapping_TFI__2D_4trigpulse_MOCO,16,,X,
CINE_4CH,16,4CH,,
lge_1_cycle,16,LGE_SAX,,
CINE_3CH,16,3CH,,
T2_mapping_TFI__2D_4trigpulse_MOCO_T2,16,,X,
T2Star_Images,16,,X,
FLOW_tp_pro-trig_@c,15,,X,
FLOW_tp_pro-trig_@c_P,15,,X,
CINE_2CH,15,2CH,,
SCOUT_LG_PSIR,15,,X,
LGE_3CH_PSIR,14,LGE_3CH,,
LGE_ph_sens_2_cycl_PSIR,14,LGE_SAX,,
Argus_-_LVF,14,,X,
CINE_SAX,14,SAX,,
LGE_4CH_PSIR,14,LGE_4CH,,
LGE_ph_sens_2_cycl,14,LGE_SAX,,
tfi2d_t1_single-shot_msl,14,LGE_SAX,,
cine_segmented_lax_3ch,14,,X,
PVF_en_MVI_TR40,13,,X,
LGE_SA_PSIR,13,LGE_SAX,,
Cine_retro-triggered,13,SAX,,
cine_segmented_lax_4ch,13,,X,
trufi_15sl_SAG,13,,X,
PVF_en_MVI_TR40_P,13,,X,
tfl2d_25_t1_ph_sens_PSIR,13,LGE_SAX,,
tfl2d_25_t1_ph_sens,13,LGE_SAX,,
LGE_2CH_PSIR,13,LGE_2CH,,
cine_segmented_lax_2ch,13,,X,
tfi_psir_single-shot_9sl_iPAT_MAG,12,LGE_SAX,,
cine_10slices_trig_iPAT,12,SAX,,
ti-scout,12,,X,
tissue_mapping_4CV_Venc_30_Ip_retro_@c,12,,X,
tfl2d_25_2_cycles_SAX_MAG,12,LGE_SAX,,
cine_retro-triggered_LAx,12,LAX,,
lge_1_cycle_3CH,12,LGE_3CH,,
cine_segmented_sax_b4,12,SAX,,
tissue_mapping_4CV_Venc_30_Ip_retro_@c_P,12,,X,
tfi3D_fs_iPAT_bh,12,,X,
trufi_15sl_COR,12,,X,
cine_segmented_sax_b5,12,SAX,,
lge_1_cycle_4CH,12,LGE_4CH,,
cine_segmented_sax_b2,12,SAX,,
cine_segmented_sax_b3,12,SAX,,
cine_segmented_sax_b1,12,SAX,,
trufi_freqScout_function,12,,X,
cine_segmented_sax_b6,12,SAX,,
tfi_psir_single-shot_9sl_iPAT_PSIR,12,LGE_SAX,,
volumes,12,,X,
tfl2d_25_2_cycles_SAX_PSIR,12,LGE_SAX,,
MOLLI_MOCO,11,,X,
cine_segmented_sax_b10,11,SAX,,
cine_segmented_sax_b7,11,SAX,,
LVF2,11,,X,
MV_flow_Venc_100_tp_retro_@c,11,,X,
ao_flow,11,,X,
MOLLI,11,,X,
T1_map_ShMOLLI_WIP448C_T1MAP,11,,X,
tse_15_db_t1,11,,X,
T1_map_ShMOLLI_WIP448C,11,,X,
cine_segmented_sax_b8,11,SAX,,
MOLLI_MOCO_T1,11,,X,
tf2d_rt_1slice_NonTrig,11,SAX,X,
MV_flow_Venc_100_tp_retro_@c_P,11,,X,
cine_segmented_sax_b9,11,SAX,,
TI-Scout,11,,X,
T1_map_ShMOLLI_WIP448C_FITPARAMS,11,,X,
Multi_SL_FIESTA,10,,X,
tf2d8_tr15_high_temp_res,10,,X,
tse_t1,10,,X,
TI-Scout_2cycles,10,,X,
FLOW_tp_pro-trig_bh_@c_P,10,,X,
Localizer@Isocenter,10,,X,
FLOW_tp_pro-trig_bh_@c,10,,X,
QFLOW_AORTA,9,,X,
flow_MV_VP_retrospective_P,9,,X,
tf2d24_shphs_CSPAMM_TR42_16HB,9,,X,
tfi_psir_single-shot_10sl_iPAT_MAG,9,LGE_SAX,,
ShortMolli_SAX_MID,9,,X,
cine_retro-triggered_RVOT,9,,X,
cine_retro-triggered_AOV,9,,X,
AoFlow_retrospective_TR22,9,,X,
AoFlow_retrospective_TR22_P,9,,X,
lge_1_cycle_2CH,9,LGE_2CH,,
cine_segmented_sax_b11,9,SAX,,
tfi_psir_single-shot_10sl_iPAT_PSIR,9,LGE_SAX,,
flow_MV_VP_retrospective,9,,X,
gre_12echos_heart_T2starMap,8,,X,
gre_8echos_heart_T2starMap,8,,X,
cine_retro-triggered_RV,8,,X,
cine_pro-triggered_AOV,8,,X,
cine_retro-triggered_SAx,8,SAX,,
lge_single-shot_2CH_PSIR,8,LGE_2CH,,
Aoflow,8,,X,
ShortMolli,8,,X,
lge_single-shot_2CH_MAG,8,LGE_2CH,,
Aortaflow,8,,X,
ShMOLLI_WIP448C_MID_FITPARAMS,7,,X,
tirm_9_db_t1,7,,X,
tfi_single-shot_10sl_iPAT,7,,X,
ShortMolli_LAX,7,,X,
de_overview_single_shot_sax_MAG,7,LGE_SAX,,
FLOW_tp_retro_bh_MV_through_plane,7,,X,
ShMOLLI_WIP448C_MID_T1MAP,7,,X,
tf2d15_retro-triggered_SAX,7,SAX,,
de_overview_single_shot_sax_PSIR,7,LGE_SAX,,
FLOW_tp_retro_bh_MV_through_plane_P,7,,X,
cine_1slice_NonTrig,7,,X,
tf2d_rt_10slices_trig_iPAT,7,,X,
FS_T2TSE_LAX_2CH,7,T2_2CH,,
ShMOLLI_WIP448C_MID,7,,X,
FS_T2TSE_LAX_3CH,7,T2_3CH,,
stir_t2_SAX_MID,6,T2_SAX,,
AO_flow,6,,X,
lge_2_cycles_sAX_MAG,6,LGE_SAX,,
FS_T2TSE_LAX_4CH,6,T2_4CH,,
T2_mapping_TFI_2D_3trgpulse,6,,X,
FS_T2TSE_SAXs,6,,X,
tfi_single-shot_9sl_iPAT,6,,X,
cine_segmented_sax_b12,6,SAX,,
fl3_150_tp_pro-trig_@c,6,,X,
Cine_pro-triggered,6,SAX,,
tf2d15_standard,6,,X,
T2_mapping_TFI_2D_3trgpulse_MOCO,6,,X,
T2_mapping_TFI_2D_3trgpulse_MOCO_T2,6,,X,
MV_flow,6,,X,
flash_aorta_prosp_triggere,6,,X,
lge_single-shot_3CH_MAG,6,LGE_3CH,,
fl2d24_shphs_CSPAMM_TR42_16HB,6,,X,
QFLOW_AORTA_SENSE,6,,X,
fl3_150_tp_pro-trig_@c_P,6,,X,
AoFlow,6,,X,
PV_flow,6,,X,
Argus_-_EF,6,,X,
flash_aorta_prosp_triggere_P,6,,X,
gre_12echos_liver_T2starMap,6,,X,
lge_2_cycles_sAX_PSIR,6,LGE_SAX,,
haste__tra_db_2bh_iPAT,6,,X,
lge_single-shot_3CH_PSIR,6,LGE_3CH,,
lge_1_cycle_SAX,6,LGE_SAX,,
lvf2,6,,X,
tagging_retro_TR13_MBH_SAX-MID,5,,X,
lge_single-shot_4CH_MAG,5,LGE_4CH,,
t2map_sax_b2s,5,T2_SAX,,
sB-TFE_2KRV,5,,X,
Trufi_Cine_LAX_4ch,5,4CH,,
DECAAF2_LGE_3D_LA,5,,X,
tfl2d_25_t1_1cycles,5,LGE_SAX,,
TI_Scout,5,,X,
aoflow,5,,X,
TI-Scout_1-Cycle,5,,X,
tfl2d_25_2_cycles_3CH_PSIR,5,LGE_3CH,,
localizer_heart,5,,X,
tf2d4_retro_TR13_MBH,5,,X,
ShortMolli_SAX_BASE,5,,X,
tfl2d_25_2_cycles_LAX_PSIR,5,LGE_LAX,,
fl4_250_ip_retro_bh_iPAT@c,5,,X,
t2map_sax_b2s_MOCO,5,T2_SAX,,
sB-TFE_2KLV,5,2CH,,
sB-TFE_3K,5,3CH,,
flow__aorta_through_plane_bh,5,,X,
lge_single-shot_LAX_iPAT_MAG,5,LGE_LAX,,
lge_single-shot_LAX_iPAT_PSIR,5,LGE_LAX,,
tfl2d_25_2_cycles_LAX_MAG,5,LGE_LAX,,
fl3_150_ip_pro-trig_@c,5,,X,
Trufi_Cine_LAX_3ch,5,3CH,,
stir_t2_SAX_BASE,5,T2_SAX,,
MV_inflow,5,,X,
lge_single-shot_4CH_PSIR,5,LGE_4CH,,
lge_2_cycles_geseg.LAX_2ch_3ch_4ch_PSIR,5,LGE_LAX,,
lge_single-shot_MAG,5,LGE_SAX,,
flow,5,,X,
fl4_250_ip_retro_bh_iPAT@c_P,5,,X,
tf2d11_high_temporal_resol,5,SAX,,
cine_pro-triggered_4ch,5,4CH,,
tfl2d_25_2_cycles_3CH_MAG,5,LGE_3CH,X,
sB-TFE_4K,5,,X,
fl3_150_ip_pro-trig_@c_P,5,,X,
stir_t2_sax,5,T2_SAX,,
tirm_15_db_t2_7mm_predict_mvo,5,,X,
tf2d8_tr15_breathh_3CH_high_rsolution,5,,X,
FLOW_ip_retro_bh_iPAT@c_P,5,,X,
sB-TFE_st_sa,5,,X,
Trufi_Cine_LAX_2ch,5,2CH,,
lge_single-shot_PSIR,5,LGE_SAX,,
lge_2_cycles_geseg.LAX_2ch_3ch_4ch_MAG,5,LGE_LAX,,
FLOW_ip_retro_bh_iPAT@c,5,,X,
ShortMolli_precontrast,5,,X,
trufi_15sl_cor,5,,X,
trufi_rt_cine_msl,4,,X,
VOLUMES,4,,X,
cine_trufi_retro_cs_2_shot_10sl_sax_b4,4,SAX,,
SSFP_localizer_multi,4,,X,
SurveyPWV,4,,X,
cine_SSFP_retro-triggered,4,,X,
DE_Overview_single_shot_2ch_3ch_4ch_sax_MAG,4,SAX,,
Trufi_Cine_sax_b5,4,SAX,,
t1map_long_t1_sax_b2s_MOCO,4,T1_SAX,,
spoiled_gre_retro_SAX,4,,X,
Trufi_Cine_sax_b7,4,SAX,,
LOC_Linker_Atrium_GETRIGGERD,4,,X,
SSFP_2-chamber,4,,X,
LGE___3D_MDE_BH,4,LGE_SAX,,
cine_pro-triggered_sax,4,SAX,,
spoiled_gre_retro_LAX,4,,X,
care_bolus,4,,X,
DE_Overview_single_shot_2ch_3ch_4ch_sax_PSIR,4,LGE_SAX_LAX,,
Longveneflow,4,,X,
SSFP_short-axis,4,,X,
ShortMolli_4CH,4,,X,
Trufi_Cine_sax_b6,4,SAX,,
Trufi_Cine_sax_b8,4,SAX,,
ShMOLLI_WIP448C_BASE,4,,X,
de_trufi_high-res_psir_fb_lax_2ch_3ch_4ch_MOCO_AVG_MAG,4,LGE_LAX,,
Trufi_Cine_sax_b1,4,SAX,,
tfl2d_25_2_cycles_4CH_PSIR,4,LGE_4CH,,
tfl2d_25_2_cycles_4CH_MAG,4,LGE_4CH,,
t1map_long_t1_sax_b2s,4,,X,
tf2d15_retro-triggered_3CH,4,,X,
Trufi_Cine_sax_b4,4,SAX,,
stir_t2_SAX_APEX,4,T2_SAX,,
T2start_mapping_liver_gre_12echo_T2STAR,4,,X,
tse_3_t1_tra_3av,4,,X,
cine_trufi_retro_cs_2_shot_10sl_sax_b8,4,SAX,,
cine_trufi_retro_cs_2_shot_10sl_sax_b1,4,SAX,,
Flow_AoV,4,,X,
DE_High-Res_LAX_2ch_3ch_4ch_MAG,4,LGE_LAX,,
ShMOLLI_WIP448C_BASE_FITPARAMS,4,,X,
cine_trufi_retro_cs_2_shot_10sl_sax_b10,4,SAX,,
QFLOW_MV,4,,X,
cine_trufi_retro_cs_2_shot_10sl_sax_b2,4,SAX,,
Trufi_Cine_sax_b2,4,SAX,,
DE_High-Res_LAX_2ch_3ch_4ch_PSIR,4,,X,
tfl2d_25_2_cycles_2CH_MAG,4,LGE_2CH,,
cine_trufi_retro_cs_2_shot_10sl_sax_b6,4,SAX,,
LVF_LR,4,,X,
cine_trufi_retro_cs_2_shot_10sl_sax_b3,4,SAX,,
tfl2d_25_2_cycles_2CH_PSIR,4,LGE_2CH,,
cine_trufi_retro_cs_2_shot_10sl_sax_b5,4,SAX,,
cine_trufi_retro_cs_2_shot_10sl_sax_b9,4,SAX,,
t2_trufi,4,,X,
T2start_mapping_liver_gre_12echo,4,,X,
ShMOLLI_WIP448C_BASE_T1MAP,4,,X,
T1mapping_MOLLI_TImin100_FIL,4,,X,
de_trufi_high-res_psir_fb_lax_2ch_3ch_4ch_MOCO_AVG_PSIR,4,LGE_LAX,,
Trufi_Cine_sax_b3,4,SAX,,
cine_trufi_retro_cs_2_shot_10sl_sax_b7,4,SAX,,
cine_retro-triggered_TRA,4,,X,
cine_retro-triggered_TRANS,4,,X,
spoiled_gre_retro,4,,X,
tf2d15_retro-triggered_2CH,3,2CH,,
lge_single-shot_sax_PSIR,3,LGE_SAX,,
tf2d24shphs_TR40,3,,X,
TI_SCOUT_SAX,3,,X,
stir_t2_SAX_base,3,T2_SAX,,
tf2d15_PRO-triggered_4CH,3,4CH,,
cine_trufi_retro_cs_2_shot_10sl_sax_b11,3,SAX,,
t2map_4ch_MOCO,3,T2_4CH,,
t2map_sax_b1s,3,T2_SAX,,
mpr_flair,3,,X,
FS_T2TSE_LAX_2CH_3CH_4CH,3,T2_LAX,,
PRE_DECAAF2_MRA,3,,X,
stir_t2_SAX_mid,3,T2_SAX,,
SWI_EPI_2min,3,,X,
Trufi_Cine_,3,SAX,,
lge_single-shot_lax_iPAT_MAG,3,LGE_LAX,,
cine_trufi_retro_cs_2_shot_lax_3ch,3,3CH,,
t1map_long_t1_saxs,3,,X,
de_overview_single_shot_2ch_3ch_4ch_sax_MAG,3,LGE,,
Trufi_Cine_sax_b11,3,SAX,,
ShortMolli_SAX_apex,3,,X,
ASL_SENSE,3,,X,
t2map_4ch,3,T2_4CH,,
spoiled_gre_pros_gated_iPAT,3,,X,
fl4_Venc_100_tp_retro_bh_@c,3,,X,
tfi_psir_single-shot_SAX_PSIR,3,LGE_SAX,,
tse_9_db_t1_IPAT2,3,T1_4CH,,
lge_single-shot_lax_iPAT_PSIR,3,LGE_LAX,,
RVF,3,,X,
tse_3_t1_tra_standard,3,,X,
T2star_mapping_heart_gre_8echo,3,,X,
cine_pro-triggered_lax,3,LAX,,
tse_t1_FS,3,,X,
lge_single-shot_iPAT_MAG,3,LGE_SAX,,
Trufi_Cine_sax_b10,3,SAX,,
s_T1W_3D_TFE,3,,X,
sPerfusion,3,,X,
spoiled_gre_retro_iPAT,3,,X,
lge_single-shot_iPAT_PSIR,3,LGE_LAX,,
TI_SCOUT,3,,X,
t1map_long_t1_saxs_MOCO,3,,X,
tirm_15_db_t2_LLC,3,,X,
lge_single-shot_1sl_iPAT_PSIR,3,LGE_SAX,,
tf2d8_tr15_breathh_shared,3,,X,
fl2d4_retro_TR13_MBH_APEX,3,,X,
tf2d15_PRO-triggered_SAX,3,SAX,,
tfi_psir_single-shot_SAX_MAG,3,LGE_SAX,,
tf2d15_PRO-triggered_3CH,3,3CH,,
t1map_long_t1_4ch_MOCO,3,,X,
fl4_Venc_100_tp_retro_bh_@c_P,3,,X,
tirm_db_t2_NS,3,,X,
trufi_TRA,3,,X,
lge_single-shot_sax_MAG,3,LGE_SAX,,
trufi_COR,3,,X,
cine_pro-triggered_aov,3,,X,
LGE_Single_Shot_PSIR,3,LGE_SAX,,
t1map_long_t1_4ch,3,,X,
3D_Brain_FLAIR_View_SHC,3,,X,
cine_retro-triggered_AX,3,SAX,,
fl3d_ce_cor_cb,3,,X,
STIR-T2,3,,X,
T2star_mapping_heart_gre_8echo_T2STAR,3,,X,
cine_pro-triggered_3ch,3,3CH,,
de_overview_single_shot_2ch_3ch_4ch_sax_PSIR,3,LGE_SAX_LAX,,
ShortMolli_SAX_mid,3,,X,
Trufi_Cine_sax_b9,3,SAX,,
lge_single-shot_1sl_iPAT_MAG,3,LGE_SAX,,
QFLOW_AA,3,,X,
T2_aSTIR_4CH,3,T2_4CH,,
tf2d15_PRO-triggered_2CH,3,2CH,,
LVF_+_Mass,3,,X,
fl2d4_retro_TR13_MBH_MID,3,,X,
trufi_15sl_sag,3,,X,
Flow_aorta,3,,X,
t2map_sax_b1s_MOCO,3,T2_SAX,,
tfi3D_bh_fs_iPAT,3,,X,
cine_trufi_retro_cs_2_shot_lax_2ch,3,LAX,,
AO_FLOW,3,,X,
tse_T1_LLC_pre,3,T1_SAX,,
t2map_saxs_MOCO,2,T2_SAX,,
3Plane_Loc_FIESTA,2,,X,
tfi_psir_single-shot_9sl_PSIR,2,LGE_SAX,,
tfi_psir_single-shot_2CH_PSIR,2,LGE_2CH,,
fl9_Venc_150_tp_pro-trig_bh_@c_P,2,,X,
ShortMolli_SAX_base,2,,X,
cine_trufi_cs_rt_LAX_4ch,2,4CH,,
Locator_3axis,2,,X,
spoiled_gre_retro__SAX,2,SAX,,
lge_single-shot_5sl_iPAT_2CH_PSIR,2,LGE_2CH,,
trufi_15sl_SAG_OBL,2,,X,
SURVEY_MST,2,,X,
mpr_cor,2,,X,
lge_2_cycles_3CH,2,LGE_3CH,,
tfi_psir_single-shot_3CH_PSIR,2,LGE_3CH,,
fl5_Venc_200_tp_retro_bh_@c_P,2,,X,
T2_aSTIR_3CH,2,T2_3CH,,
cine_pro-triggered_RVOT,2,,X,
fl2_Venc250_tp_retro_@c,2,,X,
Argus_-_RVF,2,,X,
Flow,2,,,
epi_Tsense_192_3slc,2,,X,
tse_3_t1_sagital_swap_HF,2,,X,
T2Prep_2D_1Slice_8Meas_iPAT_T2_NORM_Registered,2,,X,
T2Prep_2D_1Slice_8Meas_iPAT_T2_NORM,2,,X,
lge_2_cycles_geseg.LAX_3ch_MAG,2,LGE_3CH,,
cine_retro-triggered_RVO,2,,X,
lv_vols,2,,X,
LVF_RVF,2,,X,
cine_pro-triggered_2ch,2,2CH,,
de_trufi_high-res_psir_fb_MOCO_AVG_PSIR,2,LGE_SAX,,
de_trufi_high-res_psir_fb_MOCO_AVG_MAG,2,LGE_SAX,,
frequencyscout_cine_trufi,2,,X,
trufi_singleshot_tra,2,,X,
cine_segmented_sax_b13,2,SAX,,
tf2d15_PRO-triggered_AOV,2,,X,
T2Prep_2D_1Slice_BH_192-60_T2_MAG,2,T2_SAX,,
lge_2_cycles_4ch_PSIR,2,LGE_4CH,,
Flowmetrie_Aorta,2,,X,
cine_trufi_cs_rt_LAX_3ch,2,3CH,,
tagging_TR42_single_BH,2,,X,
ShortMolli_3CH,2,,X,
cine_trufi_cs_rt_sax_b1,2,SAX,,
fl2_Venc250_tp_retro_@c_P,2,,X,
Cine_SA,2,SAX,,
MOLLI_SAX_MOCO_T1,2,,,
DECAAF2_MRA,2,,X,
t1map_long_t1_sax_b1s,2,,X,
T2Prep_2D_1Slice_8Meas_iPAT_T2_MAG,2,,X,
lge_single-shot__MAG,2,LGE_SAX,,
flow_AoV,2,,X,
t1map_long_t1_sax_b1s_MOCO,2,,X,
cine_retro-triggered_rvot,2,,X,
lge_2_cycles_3ch_PSIR,2,LGE_3CH,,
spoiled_gre_pros_gated_iPAT_SAX,2,,X,
tfi_psir_single-shot_10Slice_iPAT_MAG,2,LGE_SAX,,
Locator3D_movecouch,2,,X,
T1_mapping_MOLLI_IR3_3+3+5_been_oud,2,,X,
Locator3D_sVOI,2,,X,
t2map_saxs,2,,X,
T2_mapping_been,2,,X,
Argus_-_20130522_AO_FLOW,2,,X,
fl3d_nav_ir_nonBH,2,,X,
tfi3D_fs_nav,2,,X,
lge_single-shot_15sl_iPAT_MAG,2,LGE_SAX,,
tfi_single-shot_TRA,2,,X,
CAREBOLUS,2,,X,
cine_retro-triggered_ax,2,SAX,,
lge_single-shot_lax_PSIR,2,LGE_LAX,,
lge_single-shot_15sl_iPAT_PSIR,2,LGE_SAX,,
SCOUT_LAX_FIESTA,2,,X,
Locator_2CH,2,,X,
cine_trufi_retro_cs_2_shot_lax_4ch,2,4CH,,
Flow_MV,2,,X,
tse_9_db_t1_fs,2,SAX,,
tagging_retro_TR13_MBH,2,,X,
lge_2_cycles_LAX_2ch_3ch_4ch_PSIR,2,LGE_LAX,,
no_series_description,2,,X,
cine_trufi_cs_rt_sax_b12,2,SAX,,
LVF1,2,,X,
cine_trufi_cs_rt_sax_b5,2,SAX,,
lge_2_cycles_geseg._sax_b5_sax_b6_PSIR,2,LGE_SAX,,
trufi_shortaxis_iPAT3,2,,X,
flow_in-plane_v250shphs_BH,2,,X,
T2Prep_2D_1Slice_BH_192-60_T2_NORM,2,,X,
tfl2d_25_2_cycles_LLC_diastole_PSIR,2,,X,
lvf-rvf,2,,X,
cine_trufi_cs_rt_sax_b10,2,SAX,,
trufi_singleshot_15sl_COR,2,,X,
Argus_-_lvf,2,,X,
T2_mapping_TFI_2D_3trgpulse_MID_MOCO_T2,2,T2_SAX,,
t2map_flash_saxs_MOCO,2,T2_SAX,,
tse_17_db_t2_iPAT,2,T2_SAX,,
fl9_Venc_150_tp_pro-trig_bh_@c,2,,X,
SCOUT_SAXFIESTA,2,,X,
lge_single-shot_5sl_iPAT_3CH_MAG,2,LGE_3CH,,
tfi_psir_single-shot_3CH_MAG,2,LGE_3CH,,
lge_2_cycles__sax_PSIR,2,LGE_SAX,,
fl4_150_ip_retro_bh_iPAT@c_P,2,,X,
Ch_Fiesta_gated_Asset,2,,X,
stir_t2_SAX_apex,2,T2_SAX,,
trufi_loc_multi_iPAT3,2,,X,
PA_flow,2,,X,
cine_trufi_cs_rt_sax_b6,2,SAX,,
Trufi_Cine_sax_b12,2,SAX,,
Locator_SAX,2,,X,
spoiled_gre_retro_4CH,2,,X,
cine_trufi_cs_rt_sax_b13,2,SAX,,
gre_epi_3sl_Tgrappa2_prebolus,2,,X,
tfi_psir_single-shot_2CH_MAG,2,LGE_2CH,,
T2Prep_2D_1Slice_8Meas_iPAT_T2_MAG_Registered,2,,X,
fl2_Venc30_tp_retro_@c_P,2,,X,
T2Prep_2D_1Slice_8Meas_iPAT_T2_MAG_Avg,2,,X,
localizer_sag+cor+tra,2,,X,
lge_2_cycles_LAX_2ch_3ch_4ch_MAG,2,LGE_LAX,,
lge_2_cycles_4ch_MAG,2,LGE_4CH,,
fl5_Venc_200_tp_retro_bh_@c,2,,X,
cine_trufi_cs_rt_sax_b4,2,SAX,,
TI_scout,2,,X,
cine_trufi_cs_rt_sax_b2,2,SAX,,
tse_t1_sax,2,T1_SAX,,
T2_mapping_TFI_2D_3trgpulse_MID,2,,X,
trufi_2-chamber_iPAT3,2,2CH,,
LVF_en_RVF,2,,X,
flow_in-plane_v250shphs_BH_P,2,,X,
tfi_psir_single-shot_9sl_MAG,2,LGE_SAX,,
lge_single-shot_5sl_iPAT_3CH_PSIR,2,LGE_3CH,,
lge_single-shot_5sl_iPAT_2CH_MAG,2,LGE_2CH,,
ShMOLLI_WIP448C_APEX_FITPARAMS,2,,X,
trufi_15sl_tra,2,SAX,,
Cine_lax,2,LAX,,
epi_Tsense_160_4slc,2,,X,
fl5_Venc_250_tp_retro_bh_@c_P,2,,X,
flow_aorta_through_plane_PC,2,,X,
Ao,2,,,
T1_mapping_MOLLI_IR3_3+3+5_been_oud_T1,2,,X,
cine_trufi_cs_rt_sax_b3,2,SAX,,
cine_trufi_cs_rt_sax_b7,2,SAX,,
lge_2_cycles_geseg.LAX_3ch_PSIR,2,LGE_3CH,,
tse_T1_LLC_post,2,,X,
t2map_flash_saxs,2,,X,
trufi_loc_multi_iPAT3@c,2,,X,
ShortMolli_sax,2,,X,
cine_retro-triggered_ao,2,,X,
LVF_Humalda,2,,X,
lge_2_cycles__sax_MAG,2,LGE_SAX,,
SSFP_localizer_multi_@c,2,,X,
LVF_Schuit,2,,X,
t1map_long_t1_MOCO_T1,2,,X,
AO-FLOW,2,,X,
lge_single-shot__PSIR,2,LGE_SAX,,
tfi_rt_cine_no_trig,2,SAX,,
tfi_psir_single-shot_10Slice_iPAT_PSIR,2,LGE_SAX,,
trufi_singleshot_15sl_SAG,2,LGE_SAX,,
lge_single-shot_lax_MAG,2,LGE_LAX,,
t2_ciss3d_SAG_iso_320,2,,X,
lge_2_cycles_geseg._sax_b5_sax_b6_MAG,2,LGE_SAX,,
cine_high_temp_resol,2,,X,
fl2d4_retro_TR13_MBH_BASE,2,SAX,,
Argus_-_20130522_LVF,2,,X,
fl4_150_ip_retro_bh_iPAT@c,2,,X,
QF_min_wfs,2,,X,
M0_meting_SENSE,2,,X,
tfi_single-shot_COR,2,,X,
Argus_-_LVF_&_RVF,2,,X,
fl2_Venc30_tp_retro_@c,2,,X,
lge_2_cycles_4CH,2,LGE_4CH,,
ege_2_cycles_4CH_PSIR,2,LGE_4CH,,
cine_trufi_retro_cs_2_shot_10sl_sax_b12,2,SAX,,
lvf_mass,2,,X,
fl5_Venc_250_tp_retro_bh_@c,2,,X,
tfi_psir_single-shot_4CH_MAG,2,LGE_4CH,,
fl2_Venc200_tp_retro_@c_P,2,,X,
cine_trufi_cs_rt_sax_b8,2,SAX,,
fl2_Venc350_tp_retro_@c_P,2,,X,
cine_trufi_cs_rt_sax_b11,2,SAX,,
T2_Images,2,,X,
Multi_SL_FIESTA_sag,2,,X,
cine_trufi_cs_rt_LAX_2ch,2,,X,
cine_trufi_cs_rt_sax_b9,2,SAX,,
fl2_Venc200_tp_retro_@c,2,,X,
ShMOLLI_WIP448C_APEX_T1MAP,2,,X,
T2Prep_2D_1Slice_8Meas_iPAT_T2_NORM_Avg,2,,X,
MOLLI_SAX_MOCO,2,,X,
Cine_rvot,2,,X,
tirm_15_db_t2_LLC_no_ipat,2,,X,
T2_mapping_TFI_2D_3trgpulse_MID_MOCO,2,,X,
cine_SSFP_realtime_tri_msl,2,,X,
ShortMolli_MID,2,,X,
LVF_amb,2,,X,
trufi_15sl_sag_obl,2,,X,
Cine_VLA,2,,X,
LGE___2D_MDE,2,LGE_SAX,,
Argus_-_AoFlow,2,,X,
ShMOLLI_WIP448C_APEX,2,,X,
MOLLI_SAX,2,,X,
ege_2_cycles_4CH_MAG,2,LGE_4CH,,
Aorta_flow,2,,X,
ShortMolli_SAX_BAS,2,,X,
CINE_PRO.,2,SAX,,
fl2_Venc350_tp_retro_@c,2,,X,
tfi_single-shot_SAG,2,,X,
LVF___RVF,2,,X,
tfl2d_25_2_cycles_LLC_diastole_MAG,2,,X,
tfi65_t1_3D_DCE_bh,2,,X,
tfi_psir_single-shot_4CH_PSIR,2,LGE_4CH,,
spoiled_gre_retro_3CH,2,,X,
Argus_-_20090615_14_00,1,,X,
lge_single-shot_5sl_iPAT_LAX_MAG,1,LGE_LAX,,
Argus_-_20080918_10_21,1,,X,
tfi_psir_single-shot__MAG,1,,X,
LVF_Winkelaar,1,,X,
Argus_-_Aoflow,1,,,
ege_2_cycles_2CH_PSIR,1,LGE_2CH,,
ef_PUYPE,1,,X,
cine_trufi_retro_cs_2_shot_10sl_sax_b14,1,SAX,,
Argus_-_20090107_08_46,1,,X,
tse_t1_APEX,1,T1_SAX,,
mvflow,1,,X,
ShortMolli_SAX_tijdens_adenosine,1,,X,
Ao_de_Boer_Poelman,1,,X,
PVF_en_MVI_TR40_venc_75_P,1,,X,
cine_trufi_retro_RVOT,1,,X,
T1Map_SA_bas_MOLLI,1,T1_SAX,,
LV_Nibte,1,,X,
lge_single-shot_iPAT_SAX_PSIR,1,LGE_SAX,,
Argus_-_20090414_16_01,1,,X,
cine_retro-triggered_SAX__12,1,SAX,,
MV_flow_Venc_160_tp_retro_@c,1,,X,
lge_2_cycles_SAX_8_PSIR,1,LGE_SAX,,
tse_3_t1_COR_standard,1,,X,
T1_mapping_MOLLI_IR3_3ch_post_c_MOCO_T1,1,,X,
LV_Banning,1,,X,
Argus_-_20120125_11_23,1,,X,
lge_2_cycles_SAX_5_MAG,1,LGE_SAX,,
lge_single-shot_5sl_iPAT_SAX_MAG,1,LGE_SAX,,
Perfusie_90_max.,1,,X,
Cine,1,SAX,,
Argus_-_20090908_15_26,1,,X,
fl2_Venc150_tp_retro_@cAo_P,1,,X,
flow_aov,1,,X,
LVF_Ebbelaar,1,,X,
mass,1,,X,
T2_mapping_TFI_2D_3trgpulse_BAS_MOCO,1,T2_SAX,,
ShMOLLI_WIP448C_BASAL_POST_30_MIN,1,,X,
Argus_-_20131210_14_13,1,,X,
spoiled_gre_pros_gated_iPAT_3CH,1,3CH,,
stir_t2_3ch,1,T2_3CH,,
cine_retro-triggered_SAX___48,1,SAX,,
ShMOLLI_WIP448C_BASAL_POST_5_MIN_FITPARAMS,1,,X,
Perfusion_SA,1,SAX,,
fl5_Venc_75_tp_retro_bh_@cMV_P,1,,X,
T1_map_ShMOLLI_WIP448C_MID_post_ce,1,,X,
LGE___2D_MDE_sax,1,LGE_SAX,,
lge_2_cycles_3CH._MAG,1,LGE_3CH,,
Argus_-_20090402_11_19,1,,X,
ShMOLLI_WIP448C_APEX_5_MIN_P.I.,1,,X,
LV_Roeven,1,,X,
ege_2_cycles_MAG,1,LGE_SAX,,
T2_mapping_TFI__2D_4trigpulse_MID,1,T2_SAX,,
Flow_a._pulm,1,,X,
Argus_-_20080630_15_12,1,,X,
fl3d-cor_BLANCO-ABDOMEN,1,,X,
fl2d4_retro_TR13_MBH_base,1,,X,
T2_mapping_lax_MOCO,1,T2_LAX,,
tse_t1_BASE,1,,X,
DB_T1TSE_LAX_FS_2CH_3CH_4CH,1,T1_LAX,,
lVF,1,,X,
mip_c-c_auto,1,,X,
Argus_-_20140820_08_30,1,,X,
AO_flow_Argus_-_20090819_10_49,1,,X,
T1_mapping_MOLLI_IR_2ch_post_c_MOCO,1,T1_2CH,,
fl5_Venc_100_tp_retro_bh_@cPV,1,,X,
fl5_Venc_120mv_tp_retro_bh_@c_P,1,,X,
fl4_200_ip_retro_bh_iPAT@c_P,1,,X,
Ao_piek,1,,X,
cine_1slice_NonTrig_3CH,1,,X,
LVF_Kraal,1,,X,
ShMOLLI_WIP448C_APICAL_FITPARAMS,1,,X,
flow_cine_spoiled_GE_nonBH,1,,X,
tfi65_psir_t1_1slice_PSIR,1,,X,
LV_Andersen,1,,X,
MOLLI_NA_CONT_MOCO_T1,1,,X,
de_trufi_high-res_psir_fb_PSIR,1,LGE_SAX,,
Ao_flow_Ezechiels,1,,X,
Argus_-_20110117_13_25,1,,X,
Ao_flow_Schuite,1,,X,
tfi_single-shot_3sl_iPAT,1,SAX,,
cine_trufi_retro_cs_2_shot_10sl_sax_b13,1,SAX,,
lge_single-shot_iPAT_4CH_MAG,1,LGE_4CH,,
Argus_-_20111019_16_18,1,,X,
ShMOLLI_WIP448C_APEX_post_ce_T1MAP,1,,X,
fl5_Venc_30_tp_retro_bh_@c,1,,X,
lge_2_cycles_3ch_MAG,1,LGE_3CH,,
Ao_flow_Staps,1,,X,
Argus_-_20150422_11_02,1,,X,
lvf_-_20091105_11_35,1,,X,
T2_mapping_TFI__2D_4CH,1,T2_4CH,,
lvef_en_mass,1,,X,
lge_single-shot_iPAT_4CH_PSIR,1,LGE_4CH,,
RVF_revisie,1,,X,
trufi_singleshot_cor_obl,1,,X,
LE_PSIR_korte_as,1,LGE_SAX,,
Argus_-_20130507_AO_FLOW,1,,X,
Argus_-_20090326_12_14,1,,X,
Argus_-_20090615_14_44,1,,X,
LV_Hoogendorp,1,,X,
Ao_flow_Barkhuis,1,,X,
ShMOLLI_WIP448C_BASE_5_MIN._P.I.,1,,X,
Argus_-_20090314_11_33,1,,X,
stir_t2_4CH_SAX,1,T2-SAX,,
Localizer_Linker_Atrium.,1,,X,
lge_2_cycles_ax_MAG,1,LGE_SAX,,
T1_mapping_MOLLI_been_zelfde_resolutie_als_T2_map,1,,X,
MoCo_HBCo_SA_bas_ShMOLLI,1,,X,
Argus_-_20070510_08_50,1,,X,
ShMOLLI_WIP448C_APEX_30_MIN_P.I._T1MAP,1,,X,
Argus_-_20090511_13_46,1,,X,
FLOW_tp_pro-trig_bh_@c_AO_250,1,,X,
fl9_Venc_133_tp_pro-trig_bh_@c_P,1,,X,
Argus_-_20090625_11_54,1,,X,
T1Map_SA_mid_MOLLI_gd,1,,X,
LV_Karper-Beem,1,,X,
Argus_-_20091029_12_28,1,,X,
LV_Smit,1,,X,
t2map_2ch,1,,X,
lge_single-shot_11slices_iPAT_PSIR,1,LGE_SAX,,
lge_2_cycles_LAX_eeg_MAG,1,LGE_LAX,,
LV_Mahmoud,1,,X,
LVF_Krop,1,,X,
localizer_trufi_sag,1,,X,
ShMOLLI_WIP448C_MID_POST_30_MIN_FITPARAMS,1,,X,
cine_retro-triggered_SAX_50,1,,X,
ShMOLLI_WIP448C_BASAL_POST_15_MIN,1,,X,
Argus_-_20081201_14_17,1,,X,
cine_1slice_NonTrig_sax,1,,X,
lge_single-shot_3ch_PSIR,1,LGE_3CH,,
Mitral___Tricuspid_flow_LR,1,,X,
LVEF_Argus_-_20090518_15_46,1,,X,
lge_single-shot_iPAT_LAX_MAG,1,LGE_LAX,,
T1_mapping_MOLLI_IR3_MID_TImin100,1,,X,
lge_2_cycles_2CH,1,LGE_2CH,,
LV_vd_Meer,1,,X,
T1_map_ShMOLLI_WIP448C_MID_FITPARAMS,1,,X,
t1map_long_t1_2ch_3ch_4ch,1,,X,
RVF_Fontaine,1,,X,
lge_2_cycles_SAx_PSIR,1,LGE_SAX,,
t2map_flash_4ch_saxs_MOCO,1,T2_SAX,,
AOFLOW,1,,X,
FLOW_tp_retro_bh_V500_P,1,,X,
fl5_Venc_300_tp_retro_bh_@cPV_P,1,,X,
B_TFE_RT,1,,X,
Flow_measurement,1,,X,
LV_Westerhoven,1,,X,
T2_mapping_TFI__2D_4t_MID_MOCO_T2,1,T2_SAX,,
LV_Lucey,1,,X,
T2_mapping_TFI__2D_4t_BASE,1,T2_SAX,,
gre_12echos_liver_T2startMap,1,,X,
LV_Pfeiffer,1,,X,
RUST_epi_3sl_T-PAT_kwantitieve_perfusie_MAP_SLOPE,1,,X,
Cardio_Algemeen_tfl_blackb,1,,X,
ShMOLLI_WIP448C_MID_post_ce_FITPARAMS,1,,X,
FLOW_tp_pro-trig_bh_@c_AORTA,1,,X,
Peak_velocity_LVOT,1,,X,
fl3d-cor_ART_VEN_ABDOMEN_TT=35.4s,1,,X,
Argus_-_20071210_15_17,1,SAX,,
T2_mapping_TFI_2D_3trgpulse__MID_MOCO,1,,X,
Argus_-_20081125_14_34,1,SAX,,
Argus_-_20080515_10_15,1,SAX,,
lge_single-shot_1_PSIR,1,LGE_SAX,,
Ao_flow_Krop,1,,X,
cine_4_CH_trig_iPAT,1,4CH,,
T2_mapping_TFI_2D_3trgpulse__MID_MOCO_T2,1,T2_SAX,,
Argus_-_LVF_Stefan,1,,X,
lge_2_cycles_4CH__550_ti_MAG,1,LGE_4CH,,
lge_single-shot_11sl_iPAT_3CH_MAG,1,LGE_3CH,,
Argus_-_20090402_09_41,1,SAX,,
fl5_Venc_300_tp_retro_bh_@cPV,1,,X,
Argus_-_20081210_09_57,1,SAX,,
LV_Felida,1,,X,
RVF_Remigius,1,,X,
cine_retro-triggered_aov,1,,X,
PS_SA_PSMDE,1,,X,
Argus_-_LVF&RVF,1,SAX,,
cine_3CH,1,3CH,,
lvef_Argus_-_20090211_11_14,1,SAX,,
fl9_Venc_133_tp_pro-trig_bh_@c,1,,X,
fl4_350_ip_retro_bh_iPAT@c,1,,X,
Argus_-_20090514_14_40,1,SAX,,
ShMOLLI_WIP448C_BASE_15_MIN._P.I._FITPARAMS,1,,X,
Argus_-_20150702_08_58,1,SAX,,
de_trufi_high-res_psir_fb_MAG,1,LGE_SAX,,
ShortMolli_SAX_APEX__,1,,X,
LV_Gaal,1,,X,
SA_bas_MOLLI,1,,X,
LVF_Tijssen,1,,X,
PCA_survey,1,,X,
DB_T2TSE_LAX_3CH,1,T2_3CH,,
LV_Verbraak,1,,X,
ShortMolli_SAX_BASAL,1,,X,
cine_segmented_user1,1,,X,
cine_PRO-triggered_2CH,1,2CH,,
LV_Kortebein,1,,X,
LV_Zegerman,1,,X,
Argus_-_20100622_15_39,1,SAX,,
lvef_Argus_-_20090818_16_29,1,SAX,,
ShMOLLI_WIP448C_BASAL_POST_5_MIN_T1MAP,1,,X,
stir_t2_sax_base,1,,X,
lvf_rvf,1,,X,
LV_Franschman,1,,X,
Argus_-_20070130_15_13,1,SAX,,
Argus_-_20090512_15_28,1,SAX,,
de_trufi_high-res_psir_fb_lax_sax_MOCO_AVG_MAG,1,LGE_SAX_LAX,,
ShMOLLI_WIP448C_APEX_15_MIN_P.I._T1MAP,1,,X,
T2_mapping_TFI_2D_SAX_MID,1,T2_SAX,,
LVF_Steen,1,,X,
T1_map_ShMOLLI_WIP448C_APEX_FITPARAMS,1,,X,
tirm_15_db_t2_7mm,1,,X,
Argus_-_20130528_lvf,1,SAX,,
MV_flow_Steenderen,1,,X,
de_trufi_high-res_psir_fb_lax_sax_MOCO_AVG_PSIR,1,LGE_SAX_LAX,,
LVmass_Frenken,1,,X,
tfl2d_25_2_cycles_10_sl_PM_MAG,1,LGE_SAX,,
Argus_-_20081202_12_59,1,SAX,,
T2_aSTIR_BB,1,,X,
Argus_-_20101228_15_38,1,SAX,,
fl2_Venc150_tp_retro_iPAT_@c,1,,X,
tfi2d_single-shot__lax_PSIR,1,LGE_LAX,,
ShMOLLI_WIP448C_APICAL_T1MAP,1,,X,
ShMOLLI_WIP448C_BASE_post_ce_FITPARAMS,1,,X,
Argus_-_20080204_15_28,1,SAX,,
T1_mapping_MOLLI_IR3_3+3+5_TImin100_apex_MOCO,1,,X,
Argus_-_20080320_09_49,1,SAX,,
SA_bas_ShMOLLI,1,,X,
tfi_psir_single-shot_MAG,1,LGE_SAX,,
LV_Woerdt,1,,X,
Argus_-_20130521_lvf,1,SAX,,
Argus_-_20070510_13_49,1,SAX,,
LV_v_Overeem,1,,X,
lvf-rvfcorr,1,,X,
TI-scout,1,,X,
HBCo_SA_mid_MOLLI,1,,X,
T1_mapping_MOLLI_IR3_marc_2ch,1,,X,
spoiled_gre_pros_gated_iPAT_4CH,1,,X,
T2_mapping_TFI__2D_4CH_MOCO_T2,1,,X,
tfi_psir_single-shot_LAX_MAG,1,,X,
T1_mapping_MOLLI_IR_SAX__post_c,1,,X,
Argus_-_AO_FLOW,1,SAX,,
Freq_Scout_4ch,1,,X,
Argus_-_LVF_zonder_extra_bas_plak,1,SAX,,
ShMOLLI_WIP448C_BASAL_POST_30_MIN_FITPARAMS,1,,X,
Argus_-_20101228_15_39,1,SAX,,
Argus_-_20090804_14_10,1,SAX,,
tfl2d_25_2_cycles_LLC_diastole_SAX_MAG,1,,X,
Argus_-_20130808_09_47,1,SAX,,
Argus_-_20110627_amb11_57,1,SAX,,
DE_High-Res_user1_user2_user3_MAG,1,LGE_SAX,,
ShMOLLI_WIP448C_BASAL,1,,X,
fl1_Venc150_tp_RETRO_TR22_BW150_@c,1,,X,
tse_3_t1_cor_3av,1,,X,
T1_mapping_MOLLI_IR3_BASE_post_2_MOCO_T1,1,,X,
E'_sep,1,,X,
TI_prep_SA,1,,X,
cine_retro-triggered_aoV,1,,X,
FLOW_ip_pro-trig_bh_@c_P,1,,X,
tfi2d_single-shot,1,LGE_SAX,,
lge_single-shot_SAX_iPAT_PSIR,1,LGE_SAX,,
tse_3_t1_cor_standard,1,,X,
ShMOLLI_WIP448C_APICAL,1,,X,
Ao_desc_de_Boer_Poelman,1,,X,
tfl25_t1_psir_segmented_SAX_MAG,1,,X,
3CH_Rechts_FIESTA,1,,X,
tfi_psir_single-shot_10sl_PSIR,1,LGE_SAX,,
LV_sanli,1,,,
flow_150ao_fb_P,1,,,
MOLLI_4CH,1,,,
cine_retro-triggered_TV,1,,,
ShMOLLI_WIP448C_BASE_15_MIN._P.I._T1MAP,1,,,
T1_map_ShMOLLI_WIP448C_APEX,1,,,
LV_De_Boer_Poelman,1,,,
fl3d_nav_ir_nonBH_vs2,1,,,
HBCo_SA_bas_MOLLI,1,,,
lge_2_cyclesSAX_MAG,1,LGE_SAX,,
Argus_-_20121213_15_38,1,SAX,,
Argus_-_20090602_16_24,1,SAX,,
T2_mapping_TFI_2D_3trgpulse_SAX_BAS_MOCO_T2,1,,,
fl5_Venc_150_tp_retro_bh_@cPV_P,1,,,
T1_mapping_MOLLI_IR3_4CH_post_c,1,,,
Argus_-_20091116_10_29,1,SAX,,
lge_single-shot_iPAT_2CH_PSIR,1,LGE_2CH,,
T1_mapping_MOLLI_IR3_3_ch_MOCO,1,,,
tfi65_psir_t1_1slice_MAG,1,,,
T2_mapping_TFI_2D_SAX_MID_MOCO,1,,,
ShMOLLI_WIP448C_APICAL_POST_30_MIN_T1MAP,1,,,
ao_flow_2,1,,X,
MoCo_T1Map_SA_bas_ShMOLLI_gd,1,,,
FLOW_tp_pro-trig_bh_@c_MV_P,1,,,
trufi_singleshot_sag,1,,,
FLOW_tp_pro-trig_bh_@c_MV,1,,,
cine_SSFP_realtime_no_trig,1,,,
Argus_-_LVF&_RVF,1,SAX,,
pvflow,1,,,
Argus_-_20100204_14_57,1,SAX,,
LV_vol,1,,,
T2_mapping_TFI_2D_SAX_BASE_MOCO_T2,1,,,
T1_mapping_MOLLI_IR_2ch_post_c,1,,,
Multi_SL_FIESTA_ax,1,,,
T1_mapping_MOLLI_been_zelfde_resolutie_als_T2_map_T1,1,,,
Argus_-_20100413_14_36_ao_flow,1,,,
tf2d12_retro_radtag_G2R60_TR35_10HB,1,,,
localizer_trufi_heart,1,,,
ShMOLLI_WIP448C_BASE_15_MIN._P.I.,1,,,
gre_epi_3sl_Tgrappa2_InlineMotionCorr,1,,,
tse_T1_LLC_+C,1,,X,
lge_2_cycles_SAx_MAG,1,LGE_2CH,,
ShMOLLI_WIP448C_APEX_post_ce_FITPARAMS,1,,,
spoiled_gre_pros_gated_iPAT_2CH,1,,,
fl5_Venc_100_tp_retro_bh_@cPV_P,1,,,
LVF-Argus_-_20080103_10_29,1,SAX,,
Argus_-_20100616_09_29,1,SAX,,
T1_mapping_MOLLI_IR_SAX__post_c_MOCO_T1,1,,,
cine_1slice_NonTrig_LAX,1,,,
cine_retro-_AO,1,,,
Test_MV_inflow,1,,,
Argus_-_20130508_ao_flow,1,,,
lge_2_cycles_geseg._sax_b2_sax_b3_MAG,1,LGE_SAX,,
RVF_Vermaire,1,,,
LVF_Ezechiels,1,,,
cine_trufi_retro_pulm,1,,,
trufi_singleshot_15sl_iPAT2_cor,1,,,
flow_in-plane_sp_GE_BH,1,,,
cine_retro-_AOV,1,,,
flowthrough_plane_bh,1,,X,
II_trufisp_ABDOMEN,1,,,
fl4_250_tp_retro_bh_iPAT@c,1,,,
T2_mapping_TFI__2D_4t_APEX_MOCO,1,,,
Double_IR_FSE_T1,1,,,
T1_map_ShMOLLI_WIP448C_+_15min,1,,,
T1_mapping_MOLLI_been_TRANS,1,,,
tfi_psir_single-shot_LAX_PSIR,1,LGE_LAX,,
T1_mapping_MOLLI_been,1,,,
T1_mapping_MOLLI_IR_2CH__post_c,1,,,
TRUFI_msl,1,,,
FLOW_tp_pro-trig_bh_@c_AO,1,,,
Ao_flow_Lalbiharie-Ramdas,1,,,
Argus_-_20070118_10_36,1,SAX,,
t2_trufi_sag_bh,1,,X,
LV_vd_Weide,1,,,
Ao_flow_Jong,1,,,
E_A_mitralisflow,1,,,
MOLLI_NA_CONTR_MOCO,1,,,
T2_mapping_TFI_2D_3trgpulse_SAX_BAS,1,,,
PS_3_CH_PSMDE,1,,,
spoiled_gre_pros_gated_2CH,1,,,
ShMOLLI_WIP448C_MID_POST_15_MIN_FITPARAMS,1,,,
LV_Groen,1,,,
ShortMolli_SAX_APEX,1,,,
cine_1slice_NonTrig_2CH,1,,,
LOC_SAG,1,,X,
Argus_-_20091029_12_27,1,,,
T1Map_SA_bas_ShMOLLI_gd,1,,,
LV_Stapel,1,,,
t2map_flash_2ch_3ch_4ch_MOCO,1,,,
LVF_corr.,1,,,
SURVEY_tra,1,,,
LV_Koel,1,,,
T1_aTSE_1_plak,1,,,
Argus_-_MV_flow,1,,,
2D_Delayed_SA,1,LGE_SAX,,
T1_mapping_MOLLI_been_T1,1,,,
LV_Kool,1,,,
lge_2_cycles_4CH_EHC_MAG,1,LGE_4CH,,
short_axis_cine,1,,,
LV_v_Riel,1,,,
Argus_-_20130704_08_55,1,SAX,,
LVEF_en_RVEF,1,,,
Argus_-_20090107_11_23,1,SAX,,
T2_mapping_TFI_2D_3trgpulse_SAX_BAS_MOCO,1,,,
LV_function,1,,X,
tfi2d_t1_single-shot_3avg,1,,,
spoiled_gre_pros_gated_iPAT_LAX,1,,,
T2_mapping_lax_MOCO_T2,1,,,
lge_single-shot_4CH_STACKJE_MAG,1,LGE_4CH,,
LVF_Onderwater,1,,,
T1_map_ShMOLLI_WIP448C_NA_20_MIN._T1MAP,1,,,
Lv_Zoons,1,,,
Ao_flow_Brown,1,,,
pulflow_corrected_2,1,,,
lge_single-shot_11sl_iPAT_2CH_PSIR,1,LGE_2CH,,
ShMOLLI_WIP448C_BASE_30_MIN._P.I._T1MAP,1,,,
lvfrvf2,1,,,
LE_PSIR_lange_as,1,LGE_LAX,,
LV_Kwantes,1,,,
ShortMolli_precontrast_APEX,1,,,
T1_mapping_MOLLI_IR3_4CH_post_c_MOCO,1,,,
lge_single-shot_5sl_iPAT_4CH_PSIR,1,LGE_4CH,,
cine_retro-triggered_SAX_53,1,SAX,,
t1_se_tra_384,1,,,
LVEF_Argus_-_20090311_09_24,1,SAX,,
LOC_SA_GETRIGGERD,1,,,
cine_SAX_trig_iPAT,1,,,
FLOW_ip_pro-trig_bh_@c,1,,,
lge_single-shot_4CH_iPAT_MAG,1,LGE_4CH,,
QFLOW_MV_venc_150,1,,,
Argus_-_20100128_10_05,1,SAX,,
fl4_350_ip_retro_bh_iPAT@c_P,1,,,
cine_retro-triggered_AO,1,,,
DE_High-Res_LAX_sax_PSIR,1,,,
Argus_-_20080821_11_12,1,SAX,,
localizer_been_trans_loodrecht_op_bovenbeen,1,,,
Argus_-_20101028_10_00,1,SAX,,
ShMOLLI_WIP448C_MID_post_ce_T1MAP,1,,,
T2_mapping_TFI_2D_3trgpulse__BASE,1,,,
MPR_hippo_cor,1,,,
cine_trufi_cs_3ch,1,3CH,,
RVOT_FIESTA,1,,,
Argus_-_20071025_11_24,1,SAX,,
DB_T2TSE_LAX_2CH,1,,,
tf2d15_SAX,1,SAX,,
Ao_flow_v_Puffelen,1,,,
cine_pro-triggered_TRA,1,,,
tfl2d_25_2_cycles_LLC_diastole_SAX_PSIR,1,LGE_SAX,,
PA_piek,1,,,
20140804_PA_flow,1,,,
ShortMolli_na_ce,1,,,
LVEF_Argus_-_20090304_11_41,1,SAX,,
LVEF_Kijl,1,,,
T2_mapping_TFI__2D_4CH_MOCO,1,,,
Ao_flow_v_Overeem,1,,,
cine_pro-triggered_SAX_21,1,SAX,,
SA_FIESTA__Compl_GD,1,,,
mv_inflwo,1,,,
cine_trufi_retro,1,,X,
LVF_Staps,1,,X,
ege_single-shot_11sl_iPAT_PSIR,1,,,
tirm_15_db_t2_LLC_BASAAL,1,,,
LAX_Fiesta_gated_Asset_aov,1,,,
Argus_-_20110324_09_57,1,SAX,,
LV_Kerf,1,,,
ShMOLLI_WIP448C_BASE_post_ce,1,,,
LE_PSIR_4kamer,1,LGE_4CH,,
ShortMolli_SAX_BASIS,1,,,
Ao_flow_Vermaire,1,,,
LV_function_Argus_-_20071122_10_34,1,SAX,,
ShMOLLI_WIP448C_APEX_5_MIN_P.I._FITPARAMS,1,,,
lge_single-shot_5sl_iPAT_LAX_PSIR,1,LGE_LAX,,
LVF_2,1,,,
MV_flow_Ebbelaar,1,,,
Ao_flow_Ververgaert,1,,,
Argus_-_20101223_09_42,1,SAX,,
T1_map_ShMOLLI_WIP448C_+_15min_T1MAP,1,,,
fl5_Venc_150_tp_retro_bh_@cPV,1,,,
lge_single-shot_5sl_iPAT_SAX_PSIR,1,LGE_SAX,,
tfl25_t1_psir_segmented_LAX_PSIR,1,,,
fl5_Venc_30_tp_retro_bh_@c_P,1,,,
trufi_singleshot_15sl_iPAT3,1,LGE_SAX,,
flow_150ao_fb,1,,,
ROI_septum,1,,,
tirm_15_db_t2_LLC_no_ipat_4CH,1,,,
FS_T2TSE_base_saxs,1,,,
T2_mapping_TFI__2D_MID_MOCO,1,,,
DB_T2TSE_SAXs,1,,,
LV_function_Argus_-_20080214_15_38,1,SAX,,
tf2d15_retro-triggered_RE_CH,1,SAX,,
LVF_Oosterhuis,1,,,
cine_PRO-triggered_3CH,1,3CH,,
cine_pro-triggered_KLEP,1,,,
tfi_single-shot_SAG_OBL,1,LGE_LAX,,
SA_T2_BB_FS_FSE_2RR!,1,,,
haste_2bh,1,,,
t2_trufi_cor_bh,1,,,
spoiled_gre_retro_iPAT_sax,1,,,
T2_aSTIR_2ch,1,,,
ShMOLLI_WIP448C_MID_30_MIN._P.I._T1MAP,1,,X,
Aorta_Flow,1,,,
tfl2d_25_2_cycles_LLC_diastole_3CH_PSIR,1,LGE_3CH,,
T2_mapping_TFI_2D_3trgpulse__BASE_MOCO,1,,,
cine_2CH_trig_iPAT,1,2CH,,
cine_10slices_trig_iPAT-3ch,1,3CH,,
T2_mapping_TFI__2D_SAX_MID,1,,,
AO_FLOW_Argus_-_20090211_09_38,1,,X,
T1_mapping_MOLLI_IR3_BASE_post_2,1,,,
LV_function_Argus_-_20071122_10_27,1,,X,
ef_Argus_-_20090701_10_09,1,,X,
T1_mapping_MOLLI_IR3_BASE_TImin100,1,,,
Argus_-_20090409_11_56,1,SAX,,
PS_4_CH_PSMDE,1,,,
LVF_Brown,1,,,
RV_Wagner-Groot,1,,,
fl5_Venc_20_tp_retro_bh_@c,1,,,
T2_mapping_TFI__2D_4trigpulse__BASAAL,1,,,
ShortMolli_lax,1,,,
ShMOLLI_WIP448C_BASAL_POST_5_MIN,1,,,
Argus_-_20121011_11_33,1,SAX,,
BH_Cine_2CH,1,,,
tse_t1_sax_fs,1,,,
Cardio_Algemeen_throughpla,1,,X,
lge_single-shot_4_ch_PSIR,1,LGE_4CH,,
LV_Rikkers,1,,,
T2_mapping_TFI__2D_SAX_MID_MOCO_T2,1,,,
DE_High-Res_user1_user2_user3_PSIR,1,,,
T1_Relaxation_Time_Map_(LL),1,,,
lge_single-shot_13sl_iPAT_MAG,1,LGE_SAX,,
T2_mapping_TFI__2D_4trigpulse__MID_MOCO,1,,,
T2_mapping_TFI__2D_4trigpulse_MID_MOCO,1,,,
Cine_high_temp_res,1,,,
lvf-mass,1,,,
ShMOLLI_WIP448C_APICAL_POST_5_MIN,1,,,
lge_2_cycles_geseg.LAX_2ch_MAG,1,LGE_2CH,,
Corrected_MOLLI_T1Map_SA_bas_MOLLI,1,,,
Argus_-_20080717_08_56,1,SAX,,
T1_map_ShMOLLI_WIP448C_MID_post_ce_T1MAP,1,,,
ShortMolli_bij_ventricular_fibrulation,1,,,
lge_single-shot_11sl_iPAT_2CH_MAG,1,LGE_2CH,,
Argus_-_20090514_11_09,1,,,
lge_2_cycles_SAX_POS_101_PSIR,1,LGE_SAX,,
MAG_SA_PSMDE,1,,,
cine_pro-triggered__44,1,,,
tfi_single-shot_1sl_iPAT,1,,,
FLOW_tp_retro_bh_MV_through_plane_VENC_100,1,,,
t1_vibe_fs_tra_bh_pat2,1,,,
lge_single-shot_2CH_iPAT_MAG,1,LGE_2CH,,
T1_mapping_MOLLI_IR3_marc_2ch_MOCO,1,,,
LVF_revisie,1,,,
Argus_-_20110105_09_51,1,SAX,,
T1_BB_SA,1,,,
AoFLOW,1,,,
tf2d15_retro-triggered_LAX,1,,,
trufi_15sl_PLAN_VOOR_FLOW,1,,,
Argus_-_20081127_10_59,1,SAX,,
de_trufi_high-res_psir_fb_MOCO_MAG,1,LGE_SAX,,
ShMOLLI_WIP448C_MID_POST_30_MIN_T1MAP,1,,,
locator_2ch,1,,,
T2_mapping_TFI_2D_3trgpulse__APEX_MOCO_T2,1,,,
tfl2d_25_2_cycles_LLC_diastole_4CH_PSIR,1,,,
cine_2CH,1,2CH,,
Argus_-_20100413_14_28_amb_LV,1,SAX,,
FLOW_tp_pro-trig_@c__350_P,1,,,
Argus_-_20070510_09_27,1,SAX,,
LV_keizer_Goemans,1,,,
tirm_15_db_t2_LLC_MID,1,,,
LV_Idema,1,,,
DE_Overview_single_shot_sax_MAG,1,LGE_SAX,,
trufi_SAG,1,,,
LOC_3_PLANE,1,,,
T1_mapping_MOLLI_IR3_APEX_post_MOCO,1,,,
peak_velocity_aorta,1,,,
lge_single-shot_iPAT_LAX_PSIR,1,LGE_LAX,,
Argus_-_20140226_10_54,1,SAX,,
Argus_-_20100811_11_32,1,SAX,,
FLOW_tp_retro_@c_pulm,1,,,
AOV_Flow,1,,,
tfl2d_25_2_cycles_EGE_PSIR,1,LGE_SAX,,
T1_mapping_MOLLI_IR3_BASE_TImin100_MOCO,1,,,
Argus_-_20120606_11_54,1,SAX,,
fl3d_nav_ir_nonBH_soort_scout_om_te_kijken_naar_TI,1,,X,
CINE_AO_KLEP,1,,,
cine_PRO-triggered_4CH,1,,,
Argus_-LVF,1,,X,
LV_Leeflang,1,,,
Argus_-_20090305_09_54,1,SAX,,
cine_retro-triggered_VCS,1,,,
LOC_4CH,1,,,
Argus_-_20170502_13_42,1,SAX,,
LVF_Iqbal,1,,,
Cine_3_kamer,1,,,
LV_Voogel,1,,,
T1_mapping_MOLLI_been_TRANS_T1,1,,,
Argus_-_20101026_15_36,1,SAX,,
lge_2_cycles_LAX_eeg_PSIR,1,LGE_LAX,,
Ao_flow_Keizer_Goemans,1,,,
MAG_2_CH_PSMDE,1,,,
Argus_-_20100322_14_42,1,SAX,,
T1_mapping_MOLLI_IR3_3ch_post_c,1,,,
cine_trufi_retro_4ch,1,,,
CE-Aorta,1,,,
lge_single-shot_13sl_iPAT_PSIR,1,LGE_SAX,,
lge_2_cycles_CRYPT_MAG,1,LGE_SAX,,
Argus_-_20090923_09_11,1,,,
T1_map_ShMOLLI_WIP448C_+C_T1MAP,1,,,
cine_trufi_pros_sax,1,,,
HBCo_SA_bas_ShMOLLI,1,,,
Argus_-_20100817_15_01,1,SAX,,
lge_single-shot_iPAT_2CH_MAG,1,LGE_SAX,,
cine_retro-triggered_PULM,1,,,
2D_Delayed_280,1,,,
cine_pro-triggered_AX,1,,,
T1_map_ShMOLLI_WIP448C_NA_20_MIN._FITPARAMS,1,,,
T2_mapping_TFI__2D_4trigpulse__BASAAL_MOCO_T2,1,,,
cine_retro-triggered_SAX__,1,,,
Argus_-_20070709_14_37,1,SAX,,
Argus_-_2Ao_flow,1,,,
LVmassa,1,,,
tse_t1_SPAIR,1,,,
tfi_psir_single-shot_la_MAG,1,,,
Argus_-_20090414_18_18,1,SAX,,
lge_single-shot_S_CH_MAG,1,LGE_SAX,,
mip_c-c,1,,,
lvfcorrected,1,,,
RUST_epi_3sl_T-PAT_kwantitieve_perfusie_AIF,1,,X,
Argus_-_20130508_10_19,1,SAX,,
ShMOLLI_WIP448C_BASE_30_MIN._P.I._FITPARAMS,1,,,
fl5_Venc_20_tp_retro_bh_@c_P,1,,,
MV_flow_Rolf,1,,,
stir_t2_SAX_BAS,1,,,
LVEF_Argus_-_20090520_09_47,1,SAX,,
Multi_SL_FIESTA_SAG,1,,,
T1_mapping_MOLLI_IR3_MID_TImin100_MOCO,1,,,
lge_2_cycles_4_CH_MAG,1,LGE_4CH,,
lge_2_cycles_SAX_7_PSIR,1,LGE_SAX,,
Argus_-_20101004_13_36,1,SAX,,
BH_Cine_4CH,1,,,
Cine_LVOT,1,,,
LVF_graag_nog_controleren,1,,,
T2_mapping_TFI__2D_4t_BASE_MOCO_T2,1,,,
LV_Ververgaert,1,,,
T1_mapping_MOLLI_IR3_3_ch,1,,,
RVF2,1,,,
LV_vd_Brink,1,,,
LVF_Scheeper,1,,,
Argus_-_20090504_13_28,1,SAX,,
LV_Mayland,1,,,
trufi_15sl_SAG_OBL_PULM,1,,,
lge_single-shot_11sl_iPAT_4CH_PSIR,1,LGE_4CH,,
Argus_-_20090401_10_16,1,SAX,,
Argus_-_20080414_09_37,1,SAX,,
T1_map_ShMOLLI_WIP448C_MID_post_ce_FITPARAMS,1,,,
Argus_-_20080918_11_15,1,SAX,,
LVF_KADDOURI,1,,,
MOLLI_NA_CONTR_MOCO_T1,1,,,
ShMOLLI_WIP448C_BASE_5_MIN._P.I._T1MAP,1,,,
tse_t1_3ch_fs,1,,,
FS_T2TSE_LAX_SAXs,1,,,
t1map_long_t1_2ch_3ch_4ch_MOCO,1,,,
LVF_Fontaine,1,,,
FLOW_tp_pro-trig_bh_@c_AORTA_P,1,,,
trufi_SAG_OBL,1,,,
t2map_flash_2ch_3ch_4ch,1,,,
ShMOLLI_WIP448C_MID_POST_5_MIN,1,,,
T1_mapping_MOLLI_IR3_MID_post_MOCO_T1,1,,,
T1_map_ShMOLLI_WIP448C_NA_20_MIN.,1,,,
cine_pro-triggered4CH,1,4CH,,
localizer_tra,1,,,
LVF_Argus_-_20160428_16_42,1,,,
Argus_-_20070510_09_21,1,SAX,,
tf2d15_retro-triggered_3ch,1,,,
T2_mapping_4TRIG_pulse_MOCO,1,,,
T1_map_ShMOLLI_WIP448C_+_15min_FITPARAMS,1,,,
FLOW_tp_pro-trig_bh_@c_AO_P,1,,,
fl1_Venc150_tp_RETRO_TR22_BW150_@c_P,1,,,
Argus_-_20151120_11_13,1,SAX,,
Argus_-_20091208_16_16,1,SAX,,
lge_single-shot_3ch_MAG,1,LGE_3CH,,
Flow_PA,1,,,
SA_FIESTA_loc_non_gated,1,,,
cp-body-array_SCOUT,1,,,
Flow_pulmonalis,1,,,
Argus_-_20080406_17_56,1,SAX,,
cine_retro-triggered_3CH_HTR,1,3CH,,
Ao_flow_vd_Brink,1,,,
T1_mapping_MOLLI_IR_SAX__post_c_MOCO,1,,X,
T1_mapping_MOLLI_IR_sax_post_c,1,,,
tf2d15_prosp_iPAT,1,,,
localizer_trufi_multislice,1,,,
LOC_AXIAL,1,,,
EF_Farshid_-_20091124_16_24,1,,,
tf2d15_retro_iPAT,1,,,
AO_FLOW_Argus_-_20090415_09_59,1,,,
cine_retro-triggered_AoV,1,,,
cine_retro-triggered_rv,1,,,
cine_-triggered_sAx,1,SAX,,
Perfusie_Viability_tfl33_t,1,,,
Argus_-_20090107_11_02,1,SAX,,
de_trufi_high-res_psir_fb_lax_early_2ch_3ch_4ch_MOCO_AVG_PSIR,1,LGE_LAX,,
Argus_-_20110207_amb_15_00,1,,X,
flow_in-plane_sp_GE_BH_P,1,,,
T2_mapping_TFI__2D_BAS_MOCO,1,,,
Argus_-_lvf_AND_VOL_-_AMB,1,,X,
Argus_-_20090415_09_53,1,,,
fl5_Venc_75_tp_retro_bh_@cMV,1,,,
LVF_corrected,1,,,
ShMOLLI_WIP448C_BASE_post_ce_T1MAP,1,,,
t2_stir_db_lax,1,,,
Ao_v_Noordt,1,,,
T1_mapping_MOLLI_IR3_2_CH_MOCO,1,,,
Argus_-_20080410_10_27,1,,,
SA_mid_MOLLI_gd,1,,,
III_care_bolus_cor,1,,,
Cine_Korte_as,1,,,
2D_LGE_sax,1,LGE_SAX,,
LVEF_Argus_-_20090819_10_44,1,,,
lge_single-shot_1sl_LAX_PSIR,1,LGE_LAX,,
E_A_ratio,1,,,
fl2_Venc75_tp_retro_@c_P,1,,,
lge_single-shot_4CH_STACKJE_PSIR,1,LGE_4CH,,
lge_2_cycles_SAX_POS_101_MAG,1,LGE_SAX,,
Argus_-_20090314_11_29,1,,,
lge_single-shot_5sl_iPAT_4CH_MAG,1,LGE_4CH,,
PV_Steenderen,1,,,
LV_Deen,1,,,
fl3d_51seg_ir,1,,,
cine_retro-triggered_sax,1,,,
T1_mapping_MOLLI_IR3_MID_post_MOCO,1,,,
lge_single-shot_iPAT_3CH_PSIR,1,LGE_3CH,,
pulm_flow_uncorrected,1,,,
ShortMolli_postcontrast_APEX,1,,,
fl2d11_aortic-valve,1,,,
LOC_2CH,1,,,
Argus_-_LV,1,,,
Stress_perfusie,1,,,
locator_sa,1,,,
Argus_-_vol_lv,1,,,
PVF_en_MVI_TR40_venc_75,1,,,
tf2d15_retro-triggered_4CH,1,,,
tf2d_rt_1slices_trig_iPAT,1,,,
spoiled_gre_pros_gated_RVOT,1,,,
Ao_flow_Franschman,1,,,
ShMOLLI_WIP448C_BASAL_POST_30_MIN_T1MAP,1,,,
Argus_-_20090326_12_15,1,SAX,,
fl4_400_ip_retro_bh_iPAT@c_P,1,,,
Ao_flow_Hoogendorp,1,,,
MV_flow_Venc_120_tp_retro_@c_P,1,,,
LVEF_Argus_-_20090923_09_22,1,SAX,,
T2_mapping_TFI_2D_SAX_BASE_MOCO,1,,,
LVEF_Argus_-_20090722_12_12,1,SAX,,
LV_functionArgus_-_20071210_16_28,1,,,
T1_mapping_MOLLI_IR_2ch_post_c_MOCO_T1,1,,,
SUB_S21-S18_1,1,,,
T2_mapping_TFI__2D_4t_MID,1,,,
MAG_4_CH_PSMDE,1,LGE_4CH,,
de_trufi_high-res_psir_fb_lax_2ch_3ch_MOCO_AVG_MAG,1,LGE_LAX,,
fl2d4_retro_TR13_MBH_mid,1,,,
LVF_Broek,1,,X,
Argus_-_20110201_16_50,1,SAX,,
tirm_15_db_t2_LLC_APEX,1,,,
tf3d_3D_CINE,1,,X,
lge_single-shot_3CH_STACKJE_PSIR,1,LGE_3CH,,
LV_ter_Haar,1,,,
lge_single-shot_SAX_iPAT_MAG,1,LGE_SAX,,
LV_RT,1,,,
T1_map_ShMOLLI_WIP448C_MID,1,,,
t2map_2ch_MOCO,1,,,
T1_mapping_MOLLI_IR3_sax_MOCO_T1,1,,,
FLOW_tp_retro_bh_@c_300,1,,X,
cine_retro-triggered_SAX___49,1,SAX,,
T1_mapping_MOLLI_IR3_APEX_TImin100,1,,,
fl5_Venc_200_tp_retro_bh_@cAoV,1,,,
LVF_Begalli,1,,,
fl4_250_tp_retro_bh_iPAT@c_P,1,,,
aoflowsinus,1,,,
cine_trufi_cs_4ch,1,4CH,,
RUST_epi_3sl_T-PAT_kwantitieve_perfusie_MOCO_NORM,1,,,
Argus_-_20080403_09_09,1,SAX,,
T1Map_SA_bas_ShMOLLI,1,,,
Argus_-_aorta_flow,1,,,
LV_Bakker,1,,,
cine_retro-triggered_AV,1,SAX,,
LV_Haxe,1,,,
LVF_en_RVF_definitief,1,,,
Cine_Lange_as_L,1,LAX,,
T2_aSTIR_sax,1,,,
LV_Rexhauser,1,,,
ShortMolli_postcontrast_MID,1,,,
ege_2_cycles_3CH_PSIR,1,,,
tf2d15_retro-triggered_4ch,1,,,
LGE_1cycles,1,LGE_SAX,X,
lge_2_cycles_2ch_PSIR,1,LGE_SAX,,
Argus_-_20090326_11_52,1,,,
lge_single-shot_iPAT_SAX_MAG,1,LGE_SAX,,
t2map_flash_4ch_saxs,1,,,
Argus_-_20090226_08_44,1,,,
lge_2_cycles_LAX_2ch_3ch_PSIR,1,LGE_LAX,,
lge_single-shot_3CH_STACKJE_MAG,1,LGE_3CH,,
FLOW_tp_retro_bh_@c_aov_300,1,,,
ShMOLLI_WIP448C_APICAL_POST_30_MIN,1,,,
ege_2_cycles_PSIR,1,LGE_SAX,,
cine_10slices_trig_iPAT-2ch,1,2CH,,
LVF_LR___FA,1,,,
Argus_-_20070619_12_49,1,SAX,,
Argus_-_20070510_09_19,1,SAX,,
ShortMolli_3CH_15_MIN_NA_CM,1,,,
Ao_flow_Steenders,1,,,
cine_SAX,1,SAX,,
gre_epi_3sl_Tgrappa2_InlineMotionCorr_MOCO_NORM_FILT,1,,,
ef_zuidinga,1,,,
LV_Ginah,1,,,
flowthrough_plane_bh_P,1,,,
Argus_-_20090107_09_32,1,SAX,,
AO_FLOW_Argus_-_20090701_10_22,1,,,
T2_mapping_TFI_2D_3trgpulse_BAS_MOCO_T2,1,,,
FLOW_tp_retro_bh_MV_through_plane_VENC_100_P,1,,,
ShMOLLI_WIP448C_BASAL_POST_15_MIN_T1MAP,1,,,
IR_SSFP_single-shot_msl,1,,,
t2_tse_tra_384,1,,X,
LVF_Engelkes,1,,,
Real_Time,1,,,
ShMOLLI_WIP448C_MID_30_MIN._P.I._FITPARAMS,1,,,
tfi_psir_single-shot__PSIR,1,LGE_SAX,,
ShMOLLI_WIP448C_APEX_15_MIN_P.I._FITPARAMS,1,,,
tse_15_db_t2,1,,,
LVEF_Argus_-_20090402_10_20,1,,,
ShMOLLI_WIP448C_MID_15_MIN._P.I.,1,,,
Argus_-_20120314_09_40,1,SAX,,
pulmnoncorrected_real,1,,,
lge_single-shot_iPAT_3CH_MAG,1,LGE_3CH,,
Argus_-_20100823_14_14,1,SAX,,
tf2d13_retro-triggered_4ch,1,,,
T1_map_ShMOLLI_WIP448C_+C_FITPARAMS,1,,,
localizer_trufi_tra,1,,,
aov_Fiesta_gated_Asset,1,,,
T1_mapping_MOLLI_IR_2CH__post_c_MOCO_T1,1,,,
lge_2_cycles_4CH__550_ti_PSIR,1,LGE_4CH,,
LONG_AXIS_cine,1,,,
SA_bas_ShMOLLI_gd,1,,,
lge_single-shot_3_ch_MAG,1,LGE_3CH,,
lge_2_cycles_LAX_2ch_3ch_MAG,1,LGE_LAX,,
LV_Kunst,1,,,
FLOW_tp_pro-trig_@c__350,1,,,
tfi_psir_single-shot_lax_MAG,1,,,
cine_11slices_trig_iPAT,1,,,
T1_mapping_MOLLI_IR3_BASE_post,1,,,
Argus_-_20131217_16_59,1,SAX,,
trufi_singleshot_cor,1,,,
Argus_-_20110307_13_06,1,SAX,,
T1_mapping_MOLLI_IR3_3+3+5_TImin100_mid_MOCO_T1,1,,,
tfi_psir_single-shot_10sl_MAG,1,,,
lge_2_cycles_4CH_EHC_PSIR,1,LGE_4CH,,
T2_mapping_4TRIG_pulse,1,,,
fl5_Venc_250_tp_retro_bh_@cPV,1,,,
LOC_LA_GETRIGGERD,1,,X,
Argus_-_20110331_11_55,1,SAX,,
T1_mapping_MOLLI_IR3_marc_2ch_MOCO_T1,1,,,
lge_2_cycles_4CH_early_MAG,1,LGE_4CH,,
LVF_Kooman,1,,,
tf2d16shphs_TR27_tag_BH,1,,,
PA_piek_flow,1,,,
2_CH_FIESTA_loc,1,,,
T1_mapping_MOLLI,1,,,
T2_mapping_TFI__2D_SAX_MID_MOCO,1,,,
T1_mapping_MOLLI_MOCO,1,,,
Argus_-_20111013_LVF_incompl,1,,,
lge_2_cycles_4CH_early_PSIR,1,LGE_4CH,,
lge_single-shot_4sl_iPAT_PSIR,1,LGE_SAX,,
Argus_-_20091116_09_29,1,,,
LVF2_Tijssen,1,,,
Ao_flow_Felida,1,,,
T2_mapping_4TRIG_pulse_MOCO_T2,1,,,
TI_scout_1cycles,1,,,
PS_2_CH_PSMDE,1,,,
stir_t2_SAX_APICAL,1,,,
Perfusie_Rust,1,,,
Cine_sax,1,SAX,,
lge_2_cycles_SAX___36_PSIR,1,LGE_SAX,,
ShMOLLI_WIP448C_APICAL_POST_15_MIN_T1MAP,1,,,
volume_ameurysma,1,,,
ShMOLLI_WIP448C_APICAL_POST_15_MIN_FITPARAMS,1,,,
tf2d15_normal,1,,,
trufi_singleshot_15sl_cor,1,,,
tfl2d_25_2_cycles_LLC_diastole_2CH_PSIR,1,LGE_2CH,,
LVF_Wijnants,1,,,
LVF_Argus_-_20090402_11_16,1,SAX,,
T1_map_ShMOLLI_WIP448C_MID_T1MAP,1,,,
FLOW_tp_pro-trig_bh_@c_MV_200,1,,,
DB_STIR_LAX_2CH_3CH_4CH,1,,,
T2_mapping_TFI__2D_4t_MID_MOCO,1,,,
spoiled_gre_pros_gated_SAX,1,,,
Argus_-_20080702_10_03,1,SAX,,
T2_mapping_TFI_2D_SAX_BASE,1,,,
T1_mapping_MOLLI_IR3_PC_MOCO_T1,1,,,
T2_mapping_TFI_2D_3trgpulse__APEX,1,,,
LV_Schepers,1,,,
Argus_-_20090820_09_32,1,SAX,,
T2_mapping_TFI_2D_3trgpulse__MID,1,,,
stir_t2_sax_mid,1,,,
tfi2d_single-shot__lax,1,,,
localizer_trufi_cor,1,,,
rv_lv_volumes,1,,,
de_trufi_high-res_psir_fb__sax_MOCO_AVG_MAG,1,LGE_SAX,,
Argus_-_20130508_lvf,1,,,
BH_Cine_SA,1,,,
tse_t1_spair,1,,,
ApulmFlow-Argus_-_20080103_10_49,1,,X,
Argus_-_20170330_16_19,1,,,
Ao_Kramer,1,,,
cine_pro-triggered_AO,1,,,
LV_Koole,1,,,
T1_mapping_MOLLI_MOCO_T1,1,,,
ShMOLLI_WIP448C_MID_POST_5_MIN_T1MAP,1,,,
lge_2_cycles_2CH._PSIR,1,LGE_2CH,,
fl5_Venc_250_tp_retro_bh_@cPV_P,1,,,
de_overview_single_shot_2ch_3ch_sax_MAG,1,,,
tfi_psir_single-shot_sa_PSIR,1,,,
DE_High-Res_LAX_sax_MAG,1,,,
SUB_S28-S26_1,1,,,
4CH_T2_BB_FS_FSE_2RR!,1,,,
lge_single-shot_2_ch_PSIR,1,LGE_2CH,,
ShortMolli_BASE,1,,,
FIESTA_CINE_realtime_ms,1,,,
LV_Ilcken,1,,,
T2_mapping_TFI_2D_SAX_MID_MOCO_T2,1,,,
Ao_flow_Argus_-_20081210_10_37,1,SAX,,
flow_120_tp_retro_Pulm_fb_2Av_P,1,,,
cine_pro-triggered_sAX,1,,,
lge_2_cycles_2H_MAG,1,LGE_2CH,,
Perfusie_rust_3sl,1,,,
Argus_-_20160614_13_22,1,,,
LVF_kroner,1,,,
gre_epi_3sl_Tsense2_test,1,,,
tf2d13_retro-triggered_SA,1,,X,
LV_Polder,1,,,
LVF_Brouwer,1,,,
T1_mapping_MOLLI_IR3_MID_post_2_MOCO_T1,1,,,
T1_mapping_MOLLI_IR3_3+3+5_TImin100_base,1,,X,
MOLLI_NA_CONT,1,,,
trufi_15sl_COR__abd,1,,,
Argus_-_20090314_11_12,1,,,
ShortMolli_precontrast_MID,1,,,
T2_mapping_TFI_2D_3trgpulse__APEX_MOCO,1,,,
LVF_AAr,1,,,
t2map_MOCO_T2,1,,X,
tfl2d_25_2_cycles_EGE_MAG,1,,,
Argus_-_20090819_10_45,1,,,
lge_single-shot_11slices_iPAT_MAG,1,LGE_SAX,,
LVF_Abma,1,,,
T1_map_ShMOLLI_WIP448C_BASE,1,,,
T1_mapping_MOLLI_IR3_3+3+5_TImin100_mid,1,,,
cine_retro-triggered_klep,1,,,
tfi_single-shot_LA,1,,,
PA_flow_Jong,1,,,
T1_mapping_MOLLI_IR3_BASE_post_2_MOCO,1,,,
de_trufi_high-res_psirBreathing_LAX_2ch_3ch_4ch_MOCO_AVG_PSIR,1,LGE_LAX,,
longvene_flow,1,,,
MoCo_T1Map_SA_bas_ShMOLLI,1,,,
flow_150_tp_retro_Aorta_bh,1,,,
Argus_-_20091223_11_43,1,,,
locator_4ch,1,,,
T1Map_SA_bas_MOLLI_gd,1,,,
Argus_-_20100212_16_14,1,,,
cine_SSFP_prosp-triggered,1,,,
FLOW_tp_retro_bh_V500,1,,,
lge_single-shot_11sl_iPAT_lax_PSIR,1,LGE_LAX,,
mv_flow,1,,,
WIP_3D_IRTFE_4CH_SENSE,1,,,
T2_mapping_TFI__2D_BAS_MOCO_T2,1,,,
ShMOLLI_WIP448C_APICAL_POST_5_MIN_T1MAP,1,,,
ShMOLLI_WIP448C_APICAL_POST_30_MIN_FITPARAMS,1,,,
Argus_-_20090602_15_47,1,,,
MAG_3_CH_PSMDE,1,,,
Argus_-_20090314_11_48,1,,,
ShMOLLI_WIP448C_MID_5_MIN._P.I.,1,,,
SA_CINE_IR,1,,,
Ao_Stam,1,,,
DB_T2TSE_LAX_4CH,1,,,
LVEF_Argus_-_20091007_09_24,1,,X,
T2_mapping_TFI__2D_4trigpulse__MID,1,,,
T1_mapping_MOLLI_IR3_3+3+5_TImin100_base_MOCO_T1,1,,,
lge_2_cycles_4_CH_PSIR,1,LGE_4CH,,
lge_2_cycles_ax_PSIR,1,LGE_SAX,,
FLOW_tp_pro-trig_bh_@c_AO_250_P,1,,,
LV_Bond,1,,,
FlowPV,1,,X,
de_trufi_high-res_psirBreathing_LAX_2ch_3ch_4ch_MOCO_MAG,1,LGE_LAX,,
LVF_Olga2,1,,X,
cine_4CH,1,4CH,,
trufi_singleshot_15sl_iPAT2_COR,1,,,
ShMOLLI_WIP448C_APEX_5_MIN_P.I._T1MAP,1,,,
T2_mapping_TFI_2D_3trgpulse_BAS,1,,X,
tfl2d_25_2_cycles_10_sl_PM_PSIR,1,,,
cine_trufi_retro_2ch,1,,,
Argus_-_20091012_15_11,1,,,
cine_1slice_NonTrig_SAX,1,,,
haste_5slices_cor_db,1,,,
trufi_singleshot_15sl_iPAT2_SAG_OBL,1,,,
ShortMolli_SAX_+ivc,1,,,
spoiled_gre_pros_gated_3CH,1,,,
Argus_-_20070813_14_46,1,,,
first_pass_epi_3sl_T-PAT_RUST_MOCO_NORM,1,,,
Perfusie,1,,,
tfi_psir_single-shot_lax_PSIR,1,,,
Argus_-_20080717_08_54,1,,X,
de_trufi_high-res_psirBreathing_LAX_2ch_3ch_4ch_MOCO_PSIR,1,LGE_LAX,,
T1_mapping_MOLLI_IR3_MID_post_2,1,,,
Argus_-_20120424_14_23,1,,,
T2_mapping_TFI__2D_4trigpulse__APEX_MOCO_T2,1,,,
lge_single-shot_11sl_iPAT_3CH_PSIR,1,LGE_3CH,,
Argus_-_20150611_10_10,1,,,
tse_t1_lax,1,,,
first_pass_epi_3sl_T-PAT_RUST_AIF,1,,,
Argus_-_20090314_11_21,1,,,
lge_single-shot_S_CH_PSIR,1,LGE_LAX,,
lvf_corrected,1,,,
LVF_Vermaire,1,,,
T1_mapping_MOLLI_IR3_3+3+5_TImin100_mid_MOCO,1,,,
fl2_Venc75_tp_retro_@c,1,,,
de_trufi_high-res_psirBreathing_LAX_2ch_3ch_4ch_PSIR,1,LGE_LAX,,
tfi_psir_single-shot_la_PSIR,1,LGE_LAX,X,
tf2d15_SAX__42,1,SAX,,
localizer_trufi_heart-7Slice_1group,1,,X,
3_CH_FIESTA,1,,,
T1_mapping_MOLLI_IR3_APEX_TImin100_MOCO_T1,1,,,
T1_mapping_MOLLI_IR3_sax_MOCO,1,,X,
Argus_-_20091117_09_39,1,,,
lge_2_cycles_2H_PSIR,1,LGE_2CH,,
spoiled_gre_pros_gated_4CH,1,,,
LVF_Argus_-_20081130_09_38,1,,,
cine_retro-triggered_SAX_29,1,SAX,,
cine_1slice_iPAT,1,,,
ti_scout,1,,,
cine_pro-triggered_TRANS_KL_fov,1,,,
lvfrvf,1,,,
Kt_B-FFE_BH,1,,,
SUB_S29-S26_1,1,,,
ShortMolli_POST_contrast,1,,,
Ao_flow_E,1,,X,
Argus_-_20090108_11_06,1,,,
Ao_flow_Brouwer,1,,,
Ao_flow_Gaal,1,,,
T1_mapping_MOLLI_IR3_sax,1,,,
SUB_S55-S53_1,1,,,
LVEF_en_massa,1,,,
cine_pro-triggered__46,1,SAX,,
Argus_-_20091027_14_58,1,,,
lge_2_cycles,1,LGE_SAX,,
ShortMolli_APEX,1,,,
T2_mapping_TFI__2D_4t_APEX,1,,,
LV_Wagner-Groot,1,,,
fl5_Venc_200_tp_retro_bh_@cAoV_P,1,,,
ShMOLLI_WIP448C_MID_5_MIN._P.I._T1MAP,1,,,
LVF_Argus_-_20081210_10_13,1,,,
tirm_15_db_t2_8mm_SAX,1,,,
LGE___2D_MDE_2ch,1,LGE_2CH,,
cine_retro-triggered_SAX_R_31,1,SAX,,
lge_2_cycles_sAX_eeg_MAG,1,LGE_SAX,,
ShMOLLI_WIP448C_BASE_5_MIN._P.I._FITPARAMS,1,,,
T1_mapping_MOLLI_IR3_MID_TImin100_MOCO_T1,1,,,
DB_T1TSE_LAX_2CH_3CH_4CH,1,,,
Argus_-_20130507_LVF,1,,X,
fl5_Venc_100_tp_retro_bh_@cMV,1,,,
3CH_T2_BB_FS_FSE_2RR!,1,,,
Argus_-_20121108_10_39,1,,,
Trufi_Cine_LAX_aorticvalve,1,,,
ShMOLLI_WIP448C_MID_POST_5_MIN_FITPARAMS,1,,,
stir_t2_sax_bace_bc,1,,,
MOLLI_NA_CONTR,1,,X,
lge_single-shot_3CH_iPAT_MAG,1,LGE_3CH,,
ege_2_cycles_3CH_MAG,1,LGE_3CH,,
LV_Otto,1,,,
Argus_-_20130527_LVF,1,,,
Argus_-_Aortaflow_Stefan,1,,,
ShMOLLI_WIP448C_BASAL_POST_15_MIN_FITPARAMS,1,,,
ShMOLLI_WIP448C_APEX_15_MIN_P.I.,1,,X,
Argus_-_20090305_11_56,1,,,
Argus_-_20130527_AO_FLOW,1,,,
DE_High-Res_sax_PSIR,1,LGE_SAX,,
LV_vol_ef_amb_2,1,,,
T2_mapping_TFI__2D_MID,1,,X,
Argus_-_20090602_14_14,1,,,
Argus_-_20070508_16_19,1,,,
ShortMolli_postcontrast,1,,,
Argus_-_20071011_10_51,1,,,
lge_2_cycles_4chy_PSIR,1,LGE_4CH,,
Argus_-_20120124_14_34,1,,,
Ao_flow_100,1,,,
tf2d15_retro-triggered_2ch,1,,,
LVF_Verhoef,1,,,
Argus_-_20101026_15_26,1,,,
T2_mapping_TFI__2D_BAS,1,,X,
flow_150_tp_retro_Aorta_bh_P,1,,,
2CH_T2_BB_FS_FSE_2RR!,1,,,
INTERACTIVE,1,,,
T2_mapping_TFI__2D_4t_APEX_MOCO_T2,1,,,
lge_2_cycles_geseg.LAX_2ch_PSIR,1,LGE_2CH,,
lge_2_cycles_3CH_EHC_MAG,1,LGE_3CH,,
ssubtractie,1,,,
Ao_flow_Zoons,1,,,
LV_vol_amb,1,,,
stir_t2_sax_mid_bc,1,,,
T2_mapping_TFI__2D_MID_MOCO_T2,1,,X,
T1_map_ShMOLLI_WIP448C_+C,1,,,
Argus_-_Ao_flow_(no_fantom_corr),1,,,
AO_Rikkers-Kemper,1,,,
Argus_-_20101004_14_00,1,,,
viability,1,,,
tfl2d_25_t1_2cycles_550,1,,,
first_pass_epi_3sl_T-PAT_RUST,1,,,
FLOW_tp_retro_bh_@c_aov_300_P,1,,,
20140804_Ao_flow,1,,,
AoFlowArgus_-_20080103_10_44,1,,,
T2_mapping_TFI__2D_4t_BASE_MOCO,1,,,
LVF_+_mass,1,,,
stir_t2_2ch,1,,,
lge_2_cycles_3CH._PSIR,1,LGE_3CH,,
Argus_-_20081127_10_54,1,,,
trufi_15sl_TRA,1,,,
lge_2_cycles_SAX_5_PSIR,1,LGE_SAX,,
lge_single-shot_2_ch_MAG,1,LGE_2CH,,
lge_2_cyclesSAX_PSIR,1,LGE_SAX,,
haste_2bh_AX,1,,,
LVF_Meyer,1,,,
T1_mapping_MOLLI_IR3_APEX_post_2_MOCO_T1,1,,,
T2_mapping_TFI_2D_3trgpulse__BASE_MOCO_T2,1,,,
lge_single-shot_13sl_TI_330_PSIR,1,LGE_SAX,,
ShMOLLI_WIP448C_APEX_30_MIN_P.I._FITPARAMS,1,,,
tfi_single-shot_msl__COR,1,,,
stir_t2_SAx_apex,1,,,
SA_mid_MOLLI,1,,,
3D-stack_LGE,1,LGE_SAX,,
LGE___2D_MDE_3ch,1,LGE_3CH,,
LV_vols_AMB_1,1,,,
fl2_Venc150_tp_retro_@cAo,1,,,
FLOW_tp_pro-trig_bh_@c_MV_200_P,1,,,
tfi_single-COR,1,,,
Ao_flow_Kortebein,1,,,
pulmflow,1,,X,
lv_vol_en_ef,1,,,
fl3d_ce_cor_cb_TT=1.0s,1,,,
2D_LGE_LAX,1,LGE_LAX,,
Argus_-_20090611_09_57,1,,,
ShortMolli_precontrast_BASAAL,1,,X,
Argus_-_20081201_14_13,1,,,
cine_trufi_cs_2ch,1,,,
Argus_-_20090528_10_25,1,,,
PULMFLOW,1,,,
ShMOLLI_WIP448C_APICAL_POST_5_MIN_FITPARAMS,1,,,
Argus_-_20090611_08_53,1,,,
tfl2d_25_2_cycles_LLC_diastole_4CH_MAG,1,,,
T1_map_ShMOLLI_WIP448C_APEX_T1MAP,1,,,
Rust_perfusie,1,,,
Cine_4_kamer,1,,X,
tfl25_t1_psir_segmented_LAX_MAG,1,,,
FLOW_tp_retro_@c_pulm_P,1,,,
lge_single-shot_11sl_iPAT_4CH_MAG,1,LGE_4CH,X,
gre_epi_3sl_Tgrappa2_InlineMotionCorr_MAP_AUC,1,,,
ShMOLLI_WIP448C_BASE_30_MIN._P.I.,1,,,
PVF_-_AoFlow_retrospective,1,,,
ShMOLLI_WIP448C_APEX_post_ce,1,,,
SA_SSh_MDE,1,,,
Trufi_Cine_sax_b13,1,SAX,,
gre_epi_3sl_Tgrappa2_InlineMotionCorr_MAP_PT,1,,,
2D_BOLUSTRAK,1,,,
cine_-triggered_LAx,1,LAX,,
cine_trufi_retro_3ch,1,3CH,,
lvf3,1,,,
tfi_Tsense_192_3slc,1,,,
T2_mapping_TFI__2D_4trigpulse__MID_MOCO_T2,1,,,
t2map_flash_saxs_MOCO_T2,1,,X,
cine_10slices_trig_iPAT-4ch,1,,,
ShMOLLI_WIP448C_MID_POST_15_MIN,1,,,
stir_t2_sax_apex,1,,,
lge_2_cycles_4chy_MAG,1,LGE_4CH,,
tfl2d_25_2_cycles,1,,,
Argus_-_20080717_08_45,1,,,
lge_2_cycles_SAX___36_MAG,1,LGE_SAX,,
AoFlow150,1,,,
Argus_-_20101028__amb14_32,1,,,
ShMOLLI_WIP448C_MID_15_MIN._P.I._T1MAP,1,,,
T2_fsat_BB_SA,1,,,
lvf_Zwart,1,,,
Cardio_Algemeen_cine_tr80(,1,,,
ShMOLLI_WIP448C_APICAL_POST_15_MIN,1,,,
LOC_COR,1,,,
MV_E',1,,X,
Ao_flow_Rolf,1,,,
fl5_Venc_120mv_tp_retro_bh_@c,1,,,
gre_epi_3sl_Tgrappa2_InlineMotionCorr_MAP_SLOPE,1,,,
Argus_-_20070813_14_34,1,,,
Argus_-_20091007_11_24,1,,,
Ao_flow_Landeweerd,1,,,
TRA_FIESTA_non_gated,1,,,
ShMOLLI_WIP448C_MID_30_MIN._P.I.,1,,,
T1_mapping_MOLLI_IR3_PC,1,,,
E'_sep_(red)_and_lat_(green),1,,,
PVF_-_AoFlow_retrospective_P,1,,,
LV_Frenken,1,,,
de_trufi_high-res_psir_fb__sax_MOCO_AVG_PSIR,1,,,
Corrected_MOLLI_T1Map_SA_mid_MOLLI,1,,,
T1_mapping_MOLLI_IR3_BASE_TImin100_MOCO_T1,1,,,
lge_2_cycles_3CH_EHC_PSIR,1,LGE_3CH,,
first_pass_epi_3sl_T-PAT_RUST_MAP_SLOPE,1,,,
Argus_-_aoFlow,1,,,
LVF_Franch,1,,,
Argus_-_20091203_10_51,1,,,
20140804_LVF,1,,,
ShMOLLI_WIP448C_MID_post_ce,1,LGE_2CH,,
lge_2_cycles_2CH._MAG,1,,,
trufi_singleshot_15sl_TRA,1,,,
localizer_trufi_heart-3Slice_1group,1,,,
LV_Lammertse,1,,,
lge_single-shot_3CH_iPAT_PSIR,1,LGE_3CH,,
fl3d_nav_ir_nonBH_vs_2_soort_scout_om_te_kijken_naar_TI,1,,,
LV_Blom,1,,,
Multi_SL_FIESTA_cor,1,,,
T1_mapping_MOLLI_IR3_MID_post_2_MOCO,1,,,
lge_2_cycles_geseg._sax_b2_sax_b3_PSIR,1,LGE_SAX,,
RVEF,1,,,
IR_spoiled_GE_2D,1,,,
cine_retro-triggered_CRYPT,1,,,
T1_mapping_MOLLI_IR3_APEX_post_MOCO_T1,1,,,
trufi_singleshot_15sl_sag,1,,,
cine_trufi_retro_Short_axis_13sl,1,,,
Argus_-_20111010_LVF_rt,1,,,
FS_T2TSE_USER3,1,,,
lge_single-shot_13sl_TI_330_MAG,1,LGE_SAX,,
AO-flow_Wit_de,1,,,
Argus_-_20090108_11_56,1,,,
DECAAF2_LGE_3D_LA.,1,,,
DE_Overview_single_shot_sax_PSIR,1,,,
T2WI__BB_SA,1,,,
Argus_-_20101005_15_29,1,,,
T1_mapping_MOLLI_IR3_PC_MOCO,1,,,
ShortMolli_BAS,1,,,
tse_t1_3ch,1,,,
flow_cine_spoiled_GE_nonBH_P,1,,X,
T1_mapping_MOLLI_IR3_BASE_post_MOCO_T1,1,,,
fl5_Venc_100_tp_retro_bh_@cMV_P,1,,,
fl4_400_ip_retro_bh_iPAT@c,1,,,
Argus_-_LVF_Stefan_2,1,,,
T1_mapping_MOLLI_IR_2CH__post_c_MOCO,1,,,
LVF_Rolf,1,,,
de_trufi_high-res_psir_fb_MOCO_PSIR,1,,,
tfl25_t1_psir_segmented_SAX_PSIR,1,,,
LV_Aalbersberg,1,,,
CINE_2CH_3_SLICES,1,,,
T1_map_ShMOLLI_WIP448C_BASE_T1MAP,1,,,
Ao_Flow,1,,X,
LVF_Steenderen,1,,,
T2_mapping_TFI__2D_4trigpulse__APEX,1,,,
Argus_-_20130326_14_30,1,,,
cine_segmented_sax,1,,,
T1_mapping_MOLLI_IR_sax_post_c_MOCO_T1,1,,,
fl2d4_retro_TR13_MBH_apex,1,,,
cine_pro-triggered_saxis,1,,X,
LVEF_Argus_-_20090127_13_46,1,,,
Argus_-_20091209_11_56,1,,,
lge_single-shot_4_ch_MAG,1,LGE_4CH,,
localizer_been_sag_op_linker_been,1,,,
BH_Cine_3CH,1,,,
Pro_Cine_sax,1,,,
FLOW_tp_retro_bh_@c_300_P,1,,,
Argus_-_20091007_08_39,1,,,
MV_flow_Venc_120_tp_retro_@c,1,,,
lge_2_cycles_CRYPT_PSIR,1,LGE_SAX,,
cine_pro-triggered2ch,1,,,
stir_t2_SAX_BASAL,1,,,
T1_mapping_MOLLI_IR3_2_CH_MOCO_T1,1,,,
Argus_-_20121213_10_24,1,,,
ege_single-shot_11sl_iPAT_MAG,1,,,
ShortMolli_SAX_MID_POST,1,,,
T2_mapping_TFI__2D_4trigpulse_MID_MOCO_T2,1,,,
ShMOLLI_WIP448C_BASAL_FITPARAMS,1,,,
Argus_-_20070205_15_48,1,,,
trufi_singleshot_15sl_iPAT,1,,,
LVF_Veen,1,,,
LOC_3_PLANE_ISO,1,,X,
spoiled_gre_pros_gated_iPAT_4CH_2,1,,,
PVF_en_MVI_TR40_venc_100_P,1,,,
Argus_-_20090903_10_22,1,,,
ShMOLLI_WIP448C_MID_POST_15_MIN_T1MAP,1,,,
de_trufi_high-res_psir_fb_lax_2ch_3ch_MOCO_AVG_PSIR,1,,,
LV_Leenheer,1,,,
ShortMolli_SAX_+_c_8_min,1,,,
LV_Mehlbaum,1,,,
lge_single-shot_11sl_iPAT_lax_MAG,1,LGE_LAX,,
PVF_en_MVI_TR40_venc_100,1,,,
LV_Kramer,1,,,
LVF_Nijman,1,,,
tf2d13_retro-triggered,1,,,
lge_single-shot_1_MAG,1,LGE_SAX,,
t2map_sax_b3s,1,,,
MV_flow_Venc_160_tp_retro_@c_P,1,,,
Argus_-_20080122_13_12,1,,,
T1_mapping_MOLLI_IR3_3ch_post_c_MOCO,1,,,
lge_2_cycles_SAX_7_MAG,1,LGE_SAX,,
LV_Keizer,1,,,
T2_mapping_TFI__2D_4trigpulse__BASAAL_MOCO,1,,,
Argus_-_20110831_12_20,1,,,
pv_flow,1,,,
ShortMolli_SAX_+_c_5_min,1,,,
rv_Fiesta_gated_Asset,1,,,
ShortMolli_SAX_bas,1,,,
T1_mapping_MOLLI_IR3_3+3+5_TImin100_apex_MOCO_T1,1,,,
T1_mapping_MOLLI_IR3_3+3+5_TImin100_base_MOCO,1,,,
LVmass,1,,,
LVF_Klinkenberg,1,,,
HBCo_SA_bas_ShMOLLI_gd,1,,,
MV,1,,,
fl2_Venc150_tp_retro_iPAT_@c_P,1,,,
DE_High-Res_sax_MAG,1,,,
ShortMolli_SAX_APICAL,1,,,
Argus_-_20120423_15_45,1,,,
lge_single-shot_1sl_LAX_MAG,1,LGE_LAX,,
Multi_SL_FIESTA_COR,1,,,
T1_mapping_MOLLI_IR_sax_post_c_MOCO,1,,,
T1_map_ShMOLLI_WIP448C_BASE_FITPARAMS,1,,,
AP_flow,1,,,
tfi_single-TRA,1,,,
Argus_-_20120507_13_02,1,,,
RVF_corrected,1,,,
tfi_psir_single-shot_sa_MAG,1,,,
Cine_puur_tra_stack,1,,,
Ao_flow_Humalda,1,,,
Cine_aov,1,,,
LVF_Bezuyen,1,,,
ShMOLLI_WIP448C_APEX_30_MIN_P.I.,1,,,
LVF+massa,1,,,
Argus_-_20091224_08_58,1,,,
COR_FIESTA_non_gated,1,,,
lge_single-shot_4CH_iPAT_PSIR,1,LGE_4CH,,
LAX_Fiesta_prosp._gated,1,,,
fl2d9_cine_long-axis,1,,,
LVF_Taams,1,,,
Corrected_MOLLI_T1Map_SA_mid_MOLLI_gd,1,,,
t2map_sax_b3s_MOCO,1,,,
locator_3ch,1,,,
de_trufi_high-res_psirBreathing_LAX_2ch_3ch_4ch_MAG,1,,,
ShMOLLI_WIP448C_MID_5_MIN._P.I._FITPARAMS,1,,,
LVEF_Argus_-_20090211_09_33,1,,,
tse_9_db_t1_fs_+_c,1,,,
ShortMolli_4CH_POST,1,,,
MoCo_HBCo_SA_bas_ShMOLLI_gd,1,,,
Argus_-_20130423_lvf,1,,,
lge_2_cycles_sAX_eeg_PSIR,1,LGE_SAX,,
ShMOLLI_WIP448C_MID_15_MIN._P.I._FITPARAMS,1,,,
4_CH_FIESTA,1,,,
T1_mapping_MOLLI_IR3_APEX_post_2_MOCO,1,,,
T1_mapping_MOLLI_IR3_APEX_TImin100_MOCO,1,,,
AoFLow_Venc200,1,,,
LV_Stam,1,,,
Argus_-_20101004_13_35,1,,,
Aortic_flow_LR,1,,,
Argus_-_20100729_10_36,1,,,
de_trufi_high-res_psirBreathing_LAX_2ch_3ch_4ch_MOCO_AVG_MAG,1,,,
Argus_-_20090511_15_31,1,,,
FS_Haste_LAX_2ch_3ch,1,,,
Argus_-_20090625_08_39,1,,,
ShortMolli_SAX_15_MIN_NA_CM,1,,X,
Argus_-_20091027_14_54,1,,,
MOLLI_NA_CONT_MOCO,1,,,
tfi_psir_single-shot_PSIR,1,,,
lge_single-shot_4sl_iPAT_MAG,1,LGE_SAX,,
T2_mapping_lax,1,,,
Corrected_MOLLI_T1Map_SA_bas_MOLLI_gd,1,,,
PA_flow_direct_na_klep,1,,,
LVF35,1,,,
MOLLI_4CH_MOCO_T1,1,,,
lge_2_cycles_2ch_MAG,1,LGE_2CH,,
LV_vol_en_EF,1,,,
tfi3D_nav_fs_Whole-Heart,1,,,
T1_mapping_MOLLI_IR3_3_ch_MOCO_T1,1,,,
Argus_-_20110302_14_37,1,,X,
HBCo_SA_bas_MOLLI_gd,1,,,
Argus_-_20090314_11_09,1,,,
fl3d-cor_ART_VEN_ABDOMEN_TT=1.0s,1,,,
haste_2bh_SAG,1,,,
LVF_Hillebrand,1,,,
Argus_-_20090604_10_05,1,,,
End_of_Contrast_Time_Stamp,1,,,
ShortMolli_postcontrast_BASAAL,1,,,
RUST_epi_3sl_T-PAT_kwantitieve_perfusie,1,,,
2D_Delayed_2CH,1,,,
Argus_-_flow_Ao,1,,,
SA_bas_MOLLI_gd,1,,,
LVEF_Argus_-_20090513_09_41,1,,,
gre_epi_3sl_Tgrappa2_InlineMotionCorr_MAP_TTP,1,,,
Ao_flow_Kwantes,1,,,
ShortMolli_post_contrast,1,,X,
LV_mass_Baartman,1,,,
T2WI_FS_BB_SA,1,,,
LV_Argus_-_20080911_09_22,1,,,
Argus_-_20070904_16_46,1,,,
tse_3_t1_sag_3av,1,,,
LVF_Olga1,1,,,
HBCo_SA_mid_MOLLI_gd,1,,,
de_trufi_high-res_psir_fb_lax_early_2ch_3ch_4ch_MOCO_AVG_MAG,1,,,
ArgusLVF_-_20080403_09_05,1,,,
T1_mapping_MOLLI_IR3_APEX_post_2,1,,,
T1_mapping_MOLLI_IR3_MID_post,1,,,
cine_segmented_sax_b14,1,SAX,,
Argus_-_20121210_amb,1,,,
LV_Barkhuis,1,,,
LVEF_Argus_-_20090402_12_08,1,,,
T2_mapping_TFI__2D_4trigpulse__APEX_MOCO,1,,,
Argus_-_20090910_11_03,1,,,
MOLLI_4CH_MOCO,1,,,
ShMOLLI_WIP448C_MID_POST_30_MIN,1,,,
2_CH_FIESTA,1,,,
ao_forw,1,,,
2D_Delayed_3CH,1,LGE_3CH,,
T1_mapping_MOLLI_IR3_APEX_post,1,,,
Argus_-_20070508_16_00,1,,,
cine_trufi_cs_rvot,1,,,
LVF___Mass,1,,,
Argus_-_20121024_09_59,1,,,
de_overview_single_shot_2ch_3ch_sax_PSIR,1,,,
flow_120_tp_retro_Pulm_fb_2Av,1,,,
tfl2d_25_2_cycles_LLC_diastole_3CH_MAG,1,,,
Argus_-_20080403_09_21,1,,,
fl4_200_ip_retro_bh_iPAT@c,1,,X,
T1_mapping_MOLLI_IR3_BASE_post_MOCO,1,,,
ShMOLLI_WIP448C_BASAL_T1MAP,1,,,
T1Map_SA_mid_MOLLI,1,,,
ege_2_cycles_2CH_MAG,1,,,
sQFLOW_aorta,1,,,
lge_single-shot_2CH_iPAT_PSIR,1,LGE_2CH,,
Argus_-_LVF_corrected,1,,X,
LVF_Argus_-_20160216_15_13,1,,,
T1_mapping_MOLLI_IR3_3+3+5_TImin100_apex,1,,,
tse_15_db_t1_fs,1,,,
ShortMolli_PC,1,,,
t2star_sax_b2s,1,,,
Argus_-_20100412_16_20,1,,,
AOV_Fiesta_gated_Asset,1,,,
LVF_Remigius,1,,,
PD_TSE_BB_CLEAR,1,,,
T1_mapping_MOLLI_IR3_4CH_post_c_MOCO_T1,1,,,
Argus_-_20100830_15_43,1,,,
LVF___RVF_corr,1,,,
LV_v_Puffelen,1,,,
lge_single-shot_3_ch_PSIR,1,LGE_3CH,,
E_A_flow,1,,,
Argus_-_20070626_14_33,1,,,
Argus_-_Ao_flow,1,,,
T1_mapping_MOLLI_IR3_2_CH,1,,,
LVF_Klaassen,1,,,
tfl2d_25_2_cycles_LLC_diastole_2CH_MAG,1,,,
epi_sr_dyn_128_4sl_T-PAT,1,,,
2_CH_T2_BB_FS_FSE_2RR!,1,,,
lge_2_cycles_SAX_8_MAG,1,LGE_SAX,,
tfi2d_single-shot__PSIR,1,,,
na_offset_correctie,1,,,
Argus_-_20091116_16_47,1,,,
t1_se_TRANS_5mm,1,,,